unit,agcho_prov,agcho_dist,agcho_prov_id,agcho_dist_id,iec_dist,iec_prov,iec_prov_id,iec_dist_id,iec_id,agcho_dist_id_fix,iec_id_fix
Capital,Kabul,Kabul,1,101,KABUL,KABUL,1,1,101,101,101
District,Kabul,Deh Sabz,1,102,DEHSABZ,KABUL,1,5,105,102,105
District,Kabul,Shakardara,1,103,SHAKAR DARA,KABUL,1,6,106,103,106
District,Kabul,Paghman,1,104,PAGHMAN,KABUL,1,2,102,104,102
District,Kabul,Chahar Asyab,1,105,CHAHAR ASYAB,KABUL,1,3,103,105,103
District,Kabul,Musayi,1,106,MUSAHI,KABUL,1,7,107,106,107
District,Kabul,Bagrami,1,107,BAGRAMI,KABUL,1,4,104,107,104
District,Kabul,Qarabagh,1,108,QARA BAGH,KABUL,1,14,114,108,114
District,Kabul,Kalakan,1,109,KALAKAN,KABUL,1,10,110,109,110
District,Kabul,Mir Bacha Kot,1,110,MIR BACHA KO,KABUL,1,8,108,110,108
District,Kabul,Guldara,1,111,GULDARA,KABUL,1,11,111,111,111
District,Kabul,Khak-e- Jabbar,1,112,KHAK-E-JABAR,KABUL,1,9,109,112,109
District,Kabul,Surobi,1,113,SURUBI,KABUL,1,15,115,113,115
District,Kabul,Estalef,1,114,ESTALEF,KABUL,1,13,113,114,113
District,Kabul,Farza,1,115,FARZA,KABUL,1,12,112,115,112
Provincial_Center,Kapisa,Mahmud-e- Raqi,2,201,MAHMUDI RAQ,KAPISA,2,1,201,201,201
District,Kapisa,Nejrab,2,202,NIJRAB,KAPISA,2,5,205,202,205
District,Kapisa,Koh Band,2,203,KOH BAND,KAPISA,2,3,203,203,203
District,Kapisa,Hisa Duwum-e- Kohestan,2,204,HISSA-E-DUWU,KAPISA,2,2,202,204,202
District,Kapisa,Tagab,2,205,TAGAB,KAPISA,2,6,206,205,206
District,Kapisa,Alasay,2,206,ALASAY,KAPISA,2,7,207,206,207
District,Kapisa,Hesa Awal-e- Kohestan,2,207,HISSA-E-AWALI,KAPISA,2,4,204,207,204
Provincial_Center,Parwan,Chaharikar,3,301,CHARIKAR,PARWAN,3,1,301,301,301
District,Parwan,Jabalussaraj,3,302,JABULUSSARAJ,PARWAN,3,5,305,302,305
District,Parwan,Shinwari,3,303,SHINWARI,PARWAN,3,3,303,303,303
District,Parwan,Bagram,3,304,BAGRAM,PARWAN,3,2,302,304,302
District,Parwan,Sayd Khel,3,305,SAYID KHIAL,PARWAN,3,4,304,305,304
District,Parwan,Salang,3,306,SALANG,PARWAN,3,6,306,306,306
District,Parwan,Syah Gerd,3,307,SYAHGIRDI GHO,PARWAN,3,7,307,307,307
District,Parwan,Koh-e- Safi,3,308,KOHI SAFI,PARWAN,3,8,308,308,308
District,Parwan,Shekh  Ali,3,309,SHAYKH ALI,PARWAN,3,10,310,309,310
District,Parwan,Surkhe Parsa,3,310,SURKHI PARSA,PARWAN,3,9,309,310,309
Provincial_Center,Wardak,Maydan Shahr,4,401,MAYDAN SHAH,WARDAK,4,1,401,401,401
District,Wardak,Jalrez,4,402,JALREZ,WARDAK,4,3,403,402,403
District,Wardak,Nerkh,4,403,NERKH,WARDAK,4,2,402,403,402
District,Wardak,Hesa Awal-e- Behsud,4,404,HISSA-E-AWALI,WARDAK,4,7,407,404,407
District,Wardak,Day Mirdad,4,405,DAYMIRDAD,WARDAK,4,6,406,405,406
District,Wardak,Chak,4,406,CHAKI WARDAK,WARDAK,4,4,404,406,404
District,Wardak,Saydabad,4,407,SAYYD ABAD,WARDAK,4,5,405,407,405
District,Wardak,Markaz-e-Behsud,4,408,MARKAZ-E-BEH,WARDAK,4,9,409,408,409
District,Wardak,Jaghatu,4,409,JAGHATU,WARDAK,4,8,408,409,408
Provincial_Center,Logar,Pul-e- Alam,5,501,PULI ALAM,LOGAR,5,1,501,501,501
District,Logar,Khoshi,5,502,KHUSHI,LOGAR,5,4,504,502,504
District,Logar,Mohammad Agha,5,503,MOHAMMAD A,LOGAR,5,5,505,503,505
District,Logar,Baraki Barak,5,504,BARAKI BARAK,LOGAR,5,2,502,504,502
District,Logar,Charkh,5,505,CHARKH,LOGAR,5,3,503,505,503
District,Logar,Kharwar,5,506,KHAR WAR,LOGAR,5,6,506,506,506
District,Logar,Azra,5,507,AZRA,LOGAR,5,7,507,507,507
Provincial_Center,Nangarhar,Jalalabad,6,601,JALALABAD,NANGARHAR,6,1,601,601,601
District,Nangarhar,Behsud,6,602,BEHSUD,NANGARHAR,6,2,602,602,602
District,Nangarhar,Surkh Rod,6,603,SURKH RUD,NANGARHAR,6,3,603,603,603
District,Nangarhar,Khowgiani,6,604,KHUGYANI,NANGARHAR,6,8,608,604,608
District,Nangarhar,Chaparhar,6,605,CHAPARHAR,NANGARHAR,6,4,604,605,604
District,Nangarhar,Rodat,6,606,RODAT,NANGARHAR,6,7,607,606,607
District,Nangarhar,Kama,6,607,KAMA,NANGARHAR,6,5,605,607,605
District,Nangarhar,Kuz Kunar,6,608,KUZ KUNAR,NANGARHAR,6,6,606,608,606
District,Nangarhar,Dara-e-Nur,6,609,DARAH-E-NOOR,NANGARHAR,6,12,612,609,612
District,Nangarhar,Hesarak,6,610,HESARAK,NANGARHAR,6,21,621,610,621
District,Nangarhar,Sherzad,6,611,SHER ZAD,NANGARHAR,6,19,619,611,619
District,Nangarhar,Pachier Agam,6,612,PACHIR WAGA,NANGARHAR,6,11,611,612,611
District,Nangarhar,Deh Bala,6,613,DEH BALA,NANGARHAR,6,10,610,613,610
District,Nangarhar,Kot,6,614,KOT,NANGARHAR,6,13,613,614,613
District,Nangarhar,Bati Kot,6,615,BATI KOT,NANGARHAR,6,9,609,615,609
District,Nangarhar,Goshta,6,616,GOSHTA,NANGARHAR,6,14,614,616,614
District,Nangarhar,Achin,6,617,ACHIN,NANGARHAR,6,15,615,617,615
District,Nangarhar,Shinwar,6,618,SHINWAR,NANGARHAR,6,16,616,618,616
District,Nangarhar,Muhmand Dara,6,619,MUHMAND DARA,NANGARHAR,6,17,617,619,617
District,Nangarhar,Lal Pur,6,620,LALPOOR,NANGARHAR,6,18,618,620,618
District,Nangarhar,Nazian,6,621,NAZYAN,NANGARHAR,6,20,620,621,620
District,Nangarhar,Dur Baba,6,622,DUR BABA,NANGARHAR,6,22,622,622,622
Provincial_Center,Laghman,Mehtarlam,7,701,MEHTARLAM,LAGHMAN,7,1,701,701,701
District,Laghman,Alishang,7,702,ALISHING,LAGHMAN,7,3,703,702,703
District,Laghman,Qarghayi,7,703,QARGHAYEE,LAGHMAN,7,2,702,703,702
District,Laghman,Alingar,7,704,ALINGAR,LAGHMAN,7,4,704,704,704
District,Laghman,Daulat Shah,7,705,DAWLAT SHAH,LAGHMAN,7,5,705,705,705
Provincial_Center,Panjsher,Bazarak,8,801,BAZARAK,PANJSHIR,8,1,801,801,801
District,Panjsher,Shutul,8,802,SHUTUL,PANJSHIR,8,6,806,802,806
District,Panjsher,Rukha,8,803,RUKHA,PANJSHIR,8,2,802,803,802
District,Panjsher,Dara,8,804,DARAH,PANJSHIR,8,3,803,804,803
District,Panjsher,Khenj (Hes-e- Awal),8,805,HISSA-E-AWAL,PANJSHIR,8,4,804,805,804
District,Panjsher,Onaba(Anawa),8,806,UNABA,PANJSHIR,8,5,805,806,805
District,Panjsher,Parian,8,807,PARYAN,PANJSHIR,8,7,807,807,807
Provincial_Center,Baghlan,Pul-e- khumri,9,901,PUL-E-KHUMRI,BAGHLAN,9,1,901,901,901
District,Baghlan,Baghlan-e-jadid,9,902,BAGLAN-E-JADE,BAGHLAN,9,5,905,902,905
District,Baghlan,Dahana-e-Ghory,9,903,DAHANA-E-GHURI,BAGHLAN,9,2,902,903,902
District,Baghlan,Dushi,9,904,DUSHI,BAGHLAN,9,3,903,904,903
District,Baghlan,Nahrin,9,905,NAHREEN,BAGHLAN,9,4,904,905,904
District,Baghlan,Tala wa barfak,9,906,TALA WA BARF,BAGHLAN,9,11,911,906,911
District,Baghlan,Khenjan,9,907,KHINJAN,BAGHLAN,9,6,906,907,906
District,Baghlan,Andarab,9,908,ANDARAB,BAGHLAN,9,7,907,908,907
District,Baghlan,Khwaja Hejran,9,909,JALGA,BAGHLAN,9,9,909,909,909
District,Baghlan,Burka,9,910,BURKA,BAGHLAN,9,10,910,910,910
District,Baghlan,Pul-e-Hesar,9,911,PUL-E-HISAR,BAGHLAN,9,12,912,911,912
District,Baghlan,Deh Salah,9,912,DEH SALAH,BAGHLAN,9,8,908,912,908
District,Baghlan,Khowst wa Fereng,9,913,KHOST WA FIRI,BAGHLAN,9,13,913,913,913
District,Baghlan,Guzargah-e- Nur,9,914,GOZARGAH-E-NUR,BAGHLAN,9,14,914,914,914
District,Baghlan,Firing Wa Gharu,9,915,FIRING WA GHARU,BAGHLAN,9,15,915,915,915
Provincial_Center,Bamyan,Bamyan,10,1001,BAMYAN,BAMYAN,10,1,1001,1001,1001
District,Bamyan,Sayghan,10,1002,SAIGHAN,BAMYAN,10,3,1003,1002,1003
District,Bamyan,Yakawlang,10,1003,YAKAWLANG,BAMYAN,10,5,1005,1003,1005
District,Bamyan,Panjab,10,1004,PANJAB,BAMYAN,10,6,1006,1004,1006
District,Bamyan,Shibar,10,1005,SHEBAR,BAMYAN,10,2,1002,1005,1002
District,Bamyan,Kahmard,10,1006,KAHMARD,BAMYAN,10,4,1004,1006,1004
District,Bamyan,Waras,10,1007,WARAS,BAMYAN,10,7,1007,1007,1007
Provincial_Center,Ghazni,Ghazni,11,1101,GHAZNI,GHAZNI,11,1,1101,1101,1101
District,Ghazni,Khwaja Umari,11,1102,KHWAJA OMAR,GHAZNI,11,3,1103,1102,1103
District,Ghazni,Wali Muhammad-e- Shahid,11,1103,WALI MOHAM,GHAZNI,11,2,1102,1103,1102
District,Ghazni,Waghaz,11,1104,WAGHAZ,GHAZNI,11,4,1104,1104,1104
District,Ghazni,Andar,11,1105,ANDAR,GHAZNI,11,7,1107,1105,1107
District,Ghazni,Deh Yak,11,1106,DEH YAK,GHAZNI,11,5,1105,1106,1105
District,Ghazni,Zana Khan,11,1107,ZANAKHAN,GHAZNI,11,8,1108,1107,1108
District,Ghazni,Rashidan,11,1108,RASHIDAN,GHAZNI,11,9,1109,1108,1109
District,Ghazni,Jaghatu,11,1109,JAGHATU,GHAZNI,11,6,1106,1109,1106
District,Ghazni,Qarabagh,11,1110,QARA BAGH,GHAZNI,11,11,1111,1110,1111
District,Ghazni,Giro,11,1111,GIRO,GHAZNI,11,12,1112,1111,1112
District,Ghazni,Nawur,11,1112,NAWUR,GHAZNI,11,10,1110,1112,1110
District,Ghazni,Jaghuri,11,1113,JAGHURI,GHAZNI,11,14,1114,1113,1114
District,Ghazni,Muqur,11,1114,MUQUR,GHAZNI,11,15,1115,1114,1115
District,Ghazni,Ab Band,11,1115,AB BAND,GHAZNI,11,13,1113,1115,1113
District,Ghazni,Ajrestan,11,1116,AJRISTAN,GHAZNI,11,18,1118,1116,1118
District,Ghazni,Malestan,11,1117,MALISTAN,GHAZNI,11,16,1116,1117,1116
District,Ghazni,Gelan,11,1118,GELAN,GHAZNI,11,17,1117,1118,1117
District,Ghazni,Nawa,11,1119,,,,,,1119,0
Provincial_Center,Paktya,Gardez,12,1201,GARDEZ,PAKTYA,13,1,1301,1201,1301
District,Paktya,Sayed Karam,12,1202,SAYYID KARAM,PAKTYA,13,6,1306,1202,1306
District,Paktya,Ahmadaba,12,1203,AHMADABA,PAKTYA,13,2,1302,1203,1302
District,Paktya,Zurmat,12,1204,ZURMAT,PAKTYA,13,3,1303,1204,1303
District,Paktya,Shawak,12,1205,SHWAK,PAKTYA,13,4,1304,1205,1304
District,Paktya,Zadran,12,1206,WUZA ZADRAN,PAKTYA,13,5,1305,1206,1305
District,Paktya,Lija Ahmad Khel,12,1207,LAJA AHMAD K,PAKTYA,13,8,1308,1207,1308
District,Paktya,Ali Khel (Jaji),12,1208,JAJI ARYOB,PAKTYA,13,7,1307,1208,1307
District,Paktya,Jani Khel,12,1209,JANI KHEL,PAKTYA,13,9,1309,1209,1309
District,Paktya,Chamkani,12,1210,SAMKANI,PAKTYA,13,10,1310,1210,1310
District,Paktya,Dand wa Patan,12,1211,DAND PATAN,PAKTYA,13,11,1311,1211,1311
Provincial_Center,Kunar,Asad Abad,13,1301,ASAD ABAD,KUNAR,15,1,1501,1301,1501
District,Kunar,Wata Pur,13,1302,WATAPOOR,KUNAR,15,3,1503,1302,1503
District,Kunar,Narang,13,1303,NARANG,KUNAR,15,4,1504,1303,1504
District,Kunar,Sarkani,13,1304,SAR KANI,KUNAR,15,5,1505,1304,1505
District,Kunar,Marawara,13,1305,MARA WARA,KUNAR,15,2,1502,1305,1502
District,Kunar,Shigal wa shel tan,13,1306,SHIGAL WA SHI,KUNAR,15,6,1506,1306,1506
District,Kunar,Dara-e-Pech,13,1307,DARA-E-PECH,KUNAR,15,7,1507,1307,1507
District,Kunar,Chawkay,13,1308,SAWKAI,KUNAR,15,9,1509,1308,1509
District,Kunar,Khas Kunar,13,1309,KHAS KUNAR,KUNAR,15,10,1510,1309,1510
District,Kunar,Dangam,13,1310,DANGAM,KUNAR,15,12,1512,1310,1512
District,Kunar,Bar Kunar,13,1311,BAR KUNAR,KUNAR,15,8,1508,1311,1508
District,Kunar,Ghazi Abad,13,1312,GHAZI ABAD,KUNAR,15,11,1511,1312,1511
District,Kunar,Chapa Dara,13,1313,CHAPA DARA,KUNAR,15,13,1513,1313,1513
District,Kunar,Nurgal,13,1314,NOOR GAL,KUNAR,15,14,1514,1314,1514
District,Kunar,Nari,13,1315,NARI,KUNAR,15,15,1515,1315,1515
Provincial_Center,Nuristan,Poruns,14,1401,PAROON,NOORISTAN,16,1,1601,1401,1601
District,Nuristan,Mandol,14,1402,MANDOL,NOORISTAN,16,7,1607,1402,1607
District,Nuristan,Du Ab,14,1403,DUAB,NOORISTAN,16,5,1605,1403,1605
District,Nuristan,Nurgaram,14,1404,NOOR GRAM,NOORISTAN,16,4,1604,1404,1604
District,Nuristan,Wama,14,1405,WAMA,NOORISTAN,16,3,1603,1405,1603
District,Nuristan,Waygal,14,1406,WAYGAL,NOORISTAN,16,2,1602,1406,1602
District,Nuristan,Kamdesh,14,1407,KAMDESH,NOORISTAN,16,6,1606,1407,1606
District,Nuristan,Barg-e- Matal,14,1408,BARG-E-MATAL,NOORISTAN,16,8,1608,1408,1608
Provincial_Center,Badakhshan,Faiz Abad,15,1501,FAIZ ABAD,BADAKHSHAN,17,1,1701,1501,1701
District,Badakhshan,Yaftal-e-Sufla,15,1502,YAFTAL-E-SUFLA,BADAKHSHAN,17,4,1704,1502,1704
District,Badakhshan,Argo,15,1503,ARGO,BADAKHSHAN,17,2,1702,1503,1702
District,Badakhshan,Arghanj Khwa,15,1504,ARGHANJ KHWA,BADAKHSHAN,17,3,1703,1504,1703
District,Badakhshan,Kohistan,15,1505,KOHISTAN,BADAKHSHAN,17,8,1708,1505,1708
District,Badakhshan,Raghistan,15,1506,RAGISTAN,BADAKHSHAN,17,14,1714,1506,1714
District,Badakhshan,Yawan,15,1507,YAWAN,BADAKHSHAN,17,9,1709,1507,1709
District,Badakhshan,Shahr-e-Buzorg,15,1508,SHAHR-E-BUZURG,BADAKHSHAN,17,13,1713,1508,1713
District,Badakhshan,Teshkan,15,1509,TASHKAN,BADAKHSHAN,17,11,1711,1509,1711
District,Badakhshan,Darayem,15,1510,DARAYIM,BADAKHSHAN,17,7,1707,1510,1707
District,Badakhshan,Khash,15,1511,KHASH,BADAKHSHAN,17,5,1705,1511,1705
District,Badakhshan,Baharak,15,1512,BAHARAK,BADAKHSHAN,17,6,1706,1512,1706
District,Badakhshan,Shuhada,15,1513,SHUHADA,BADAKHSHAN,17,12,1712,1513,1712
District,Badakhshan,Shighnan,15,1514,SHIGHNAN,BADAKHSHAN,17,19,1719,1514,1719
District,Badakhshan,Darwaz-e-Balla,15,1515,DARWAZ-E-BAL,BADAKHSHAN,17,27,1727,1515,1727
District,Badakhshan,Kof Ab,15,1516,KUFAB,BADAKHSHAN,17,21,1721,1516,1721
District,Badakhshan,Khwahan,15,1517,KHWAHAN,BADAKHSHAN,17,20,1720,1517,1720
District,Badakhshan,Keshem,15,1518,KISHM,BADAKHSHAN,17,15,1715,1518,1715
District,Badakhshan,Tagab,15,1519,TAGAB,BADAKHSHAN,17,17,1717,1519,1717
District,Badakhshan,Yamgan,15,1520,YAMGAN,BADAKHSHAN,17,18,1718,1520,1718
District,Badakhshan,Jorm,15,1521,JURM,BADAKHSHAN,17,10,1710,1521,1710
District,Badakhshan,Warduj,15,1522,WARDOOJ,BADAKHSHAN,17,16,1716,1522,1716
District,Badakhshan,Ishkashem,15,1523,ESHKASHIM,BADAKHSHAN,17,23,1723,1523,1723
District,Badakhshan,Darwaz,15,1524,DARWAZ-E-PAY,BADAKHSHAN,17,22,1722,1524,1722
District,Badakhshan,Shaki,15,1525,SHIKI,BADAKHSHAN,17,24,1724,1525,1724
District,Badakhshan,Koran wa Monjan,15,1526,KIRAN WA MENJAN,BADAKHSHAN,17,26,1726,1526,1726
District,Badakhshan,Zebak,15,1527,ZEBAK,BADAKHSHAN,17,25,1725,1527,1725
District,Badakhshan,Wakhan,15,1528,WAKHAN,BADAKHSHAN,17,28,1728,1528,1728
Provincial_Center,Takhar,Taloqan,16,1601,TALUQAN,TAKHAR,18,1,1801,1601,1801
District,Takhar,Hazar Sumuch,16,1602,HAZAR SUMUC,TAKHAR,18,2,1802,1602,1802
District,Takhar,Baharak,16,1603,BAHARAK,TAKHAR,18,3,1803,1603,1803
District,Takhar,Bangi,16,1604,BANGI,TAKHAR,18,4,1804,1604,1804
District,Takhar,Chal,16,1605,CHAL,TAKHAR,18,5,1805,1605,1805
District,Takhar,Namak Ab,16,1606,NAMAK AB,TAKHAR,18,6,1806,1606,1806
District,Takhar,Farkhar,16,1607,FARKHAR,TAKHAR,18,8,1808,1607,1808
District,Takhar,Kalafgan,16,1608,KALAFGAN,TAKHAR,18,7,1807,1608,1807
District,Takhar,Rostaq,16,1609,RUSTAQ,TAKHAR,18,10,1810,1609,1810
District,Takhar,Chah Ab,16,1610,CHAH AB,TAKHAR,18,16,1816,1610,1816
District,Takhar,Yangi Qala,16,1611,YANGI QALA,TAKHAR,18,17,1817,1611,1817
District,Takhar,Khwaja Bahawuddin,16,1612,KHWAJA BAHA,TAKHAR,18,14,1814,1612,1814
District,Takhar,Dasht-e-Qala,16,1613,DASHT-E-QALA,TAKHAR,18,12,1812,1613,1812
District,Takhar,Khwaja Ghar,16,1614,KHWAJA GHAR,TAKHAR,18,9,1809,1614,1809
District,Takhar,Ishkamish,16,1615,ESHKAMESH,TAKHAR,18,11,1811,1615,1811
District,Takhar,Warsaj,16,1616,WARSAJ,TAKHAR,18,13,1813,1616,1813
District,Takhar,Darqad,16,1617,DARQAD,TAKHAR,18,15,1815,1617,1815
Provincial_Center,Kunduz,Kunduz,17,1701,KUNDUZ,KUNDUZ,19,1,1901,1701,1901
District,Kunduz,Imam Saheb,17,1702,HAZRAT-E-IMAM,KUNDUZ,19,5,1905,1702,1905
District,Kunduz,Qala-e-Zal,17,1703,QALA-E-ZAL,KUNDUZ,19,7,1907,1703,1907
District,Kunduz,Chahar Darah,17,1704,CHAR DARA,KUNDUZ,19,2,1902,1704,1902
District,Kunduz,Ali Abad,17,1705,ALI ABAD,KUNDUZ,19,3,1903,1705,1903
District,Kunduz,Khan Abad,17,1706,KHAN ABAD,KUNDUZ,19,4,1904,1706,1904
District,Kunduz,Dasht-e-Archi,17,1707,DASHT-E-ARCHI,KUNDUZ,19,6,1906,1707,1906
Provincial_Center,Balkh,Mazar-e-Sharif,18,1801,MAZAR-E-SHARIF,BALKH,21,1,2101,1801,2101
District,Balkh,Nahr-e- Shahi,18,1802,NAHR-E-SHAHI,BALKH,21,2,2102,1802,2102
District,Balkh,Shor Tepa,18,1803,SHORTEPA,BALKH,21,12,2112,1803,2112
District,Balkh,Dawlat Abad,18,1804,DAWLAT ABAD,BALKH,21,9,2109,1804,2109
District,Balkh,Balkh,18,1805,BALKH,BALKH,21,6,2106,1805,2106
District,Balkh,Deh Dadi,18,1806,DEHDADI,BALKH,21,3,2103,1806,2103
District,Balkh,Chahar Kent,18,1807,CHAR KENT,BALKH,21,4,2104,1807,2104
District,Balkh,Marmul,18,1808,MARMUL,BALKH,21,5,2105,1808,2105
District,Balkh,Khulm,18,1809,KHULM,BALKH,21,10,2110,1809,2110
District,Balkh,Kaldar,18,1810,KALDAR,BALKH,21,13,2113,1810,2113
Town,Balkh,Sharak-e-Hayratan,18,1811,,,,,,1811,0
District,Balkh,Chahar Bolak,18,1812,CHAR BOLAK,BALKH,21,11,2111,1812,2111
District,Balkh,Chemtal,18,1813,CHIMTAL,BALKH,21,8,2108,1813,2108
District,Balkh,Sholgareh,18,1814,SHOLGARA,BALKH,21,7,2107,1814,2107
District,Balkh,Kishindeh,18,1815,KISHINDEH,BALKH,21,14,2114,1815,2114
District,Balkh,Zari,18,1816,ZARI,BALKH,21,15,2115,1816,2115
Provincial_Center,Samangan,Aybak,19,1901,AYBAK,SAMANGAN,20,1,2001,1901,2001
District,Samangan,Hazrat-e- Sultan,19,1902,HAZRAT-E-ͲSULTAN,SAMANGAN,20,2,2002,1902,2002
District,Samangan,Feroz Nakhchir,19,1903,FEROZ NAKHCHI,SAMANGAN,20,4,2004,1903,2004
District,Samangan,Darah Suf-e- Payin,19,1904,DARA-E-SOOF-E-XXXXXX,SAMANGAN,20,6,2006,1904,2006
District,Samangan,Darah Suf-e-Bala,19,1905,DARA-E-SOOF-E-XXXXXX,SAMANGAN,20,6,2006,1905,2006
District,Samangan,Khuram wa Sarbagh,19,1906,KHURAM WA SABAGH,SAMANGAN,20,3,2003,1906,2003
District,Samangan,Ruy-e-Du Ab,19,1907,ROI-DO-AB,SAMANGAN,20,5,2005,1907,2005
Provincial_Center,Sar-e-Pul,Sar-e-Pul,20,2001,SAR-E-PUL,SAR-E-PUL,22,1,2201,2001,2201
District,Sar-e-Pul,Sayad,20,2002,SAYAD,SAR-E-PUL,22,2,2202,2002,2202
District,Sar-e-Pul,Kohistanat,20,2003,KOHISTANAT,SAR-E-PUL,22,3,2203,2003,2203
District,Sar-e-Pul,Sozma Qala,20,2004,SOZMA QALA,SAR-E-PUL,22,4,2204,2004,2204
District,Sar-e-Pul,Gosfandi,20,2005,GOSFANDI,SAR-E-PUL,22,6,2206,2005,2206
District,Sar-e-Pul,Balkh Ab,20,2006,BALKHAB,SAR-E-PUL,22,7,2207,2006,2207
District,Sar-e-Pul,Sang(San)Charak,20,2007,SANG CHARAK,SAR-E-PUL,22,5,2205,2007,2205
Provincial_Center,Ghor,Chaghcharan,21,2101,CHIGHCHERAN,GHOR,23,1,2301,2101,2301
District,Ghor,Chahar Sadra,21,2102,CHAR SADA,GHOR,23,4,2304,2102,2304
District,Ghor,Du Lina,21,2103,DULEENA,GHOR,23,2,2302,2103,2302
District,Ghor,Dawlat Yar,21,2104,DAWLATYAR,GHOR,23,3,2303,2104,2303
District,Ghor,Shahrak,21,2105,SHAHRAK,GHOR,23,6,2306,2105,2306
District,Ghor,Taywarah,21,2106,TAYWARA,GHOR,23,8,2308,2106,2308
District,Ghor,Pasaband,21,2107,PASABAND,GHOR,23,5,2305,2107,2305
District,Ghor,Lal Wa Sarjangal,21,2108,LAL WA SARJAN,GHOR,23,7,2307,2108,2307
District,Ghor,Tolak,21,2109,TULAK,GHOR,23,9,2309,2109,2309
District,Ghor,Saghar,21,2110,SAGHAR,GHOR,23,10,2310,2110,2310
Provincial_Center,Daykundi,Nili,22,2201,NILI,DAYKUNDI,24,1,2401,2201,2401
District,Daykundi,Ashtarlay,22,2202,ISHTERLAI,DAYKUNDI,24,4,2404,2202,2404
District,Daykundi,Khadir,22,2203,KHEDIR,DAYKUNDI,24,5,2405,2203,2405
District,Daykundi,kiti,22,2204,GETI,DAYKUNDI,24,6,2406,2204,2406
District,Daykundi,Gizab,22,2205,GIZAB,DAYKUNDI,24,3,2403,2205,2403
District,Daykundi,Shahristan,22,2206,SHAHRISTAN,DAYKUNDI,24,2,2402,2206,2402
District,Daykundi,Sang-e-Takht,22,2207,SANG-E-TAKHT,DAYKUNDI,24,8,2408,2207,2408
District,Daykundi,Kajran,22,2208,KEJRAN,DAYKUNDI,24,9,2409,2208,2409
District,Daykundi,Miramor,22,2209,MIRAMOR,DAYKUNDI,24,7,2407,2209,2407
Provincial_Center,Uruzgan,Tirin Kot,23,2301,TIRINKOT,UROZGAN,25,1,2501,2301,2501
District,Uruzgan,Chora,23,2302,CHORA,UROZGAN,25,3,2503,2302,2503
District,Uruzgan,Shahid-e-Hassas,23,2303,SHAHID-E-HASS,UROZGAN,25,4,2504,2303,2504
District,Uruzgan,Dehrawud,23,2304,DEHRAOUD,UROZGAN,25,2,2502,2304,2502
District,Uruzgan,Khas Uruzgan,23,2305,KHAS UROZGAN,UROZGAN,25,5,2505,2305,2505
Provincial_Center,Zabul,Qalat,24,2401,QALAT,ZABUL,26,1,2601,2401,2601
District,Zabul,Arghandab,24,2402,ARGHANDAB,ZABUL,26,5,2605,2402,2605
District,Zabul,Mizan,24,2403,MIZAN,ZABUL,26,4,2604,2403,2604
District,Zabul,Tarnak Wa Jaldak,24,2404,TARANK WA JA,ZABUL,26,2,2602,2404,2602
District,Zabul,Shinkay,24,2405,SHINKAI,ZABUL,26,3,2603,2405,2603
District,Zabul,Shah Joy,24,2406,SHAH JOI,ZABUL,26,6,2606,2406,2606
District,Zabul,Kakar,24,2407,,,,,,2407,0
District,Zabul,Day chopan,24,2408,DAICHOPAN,ZABUL,26,7,2607,2408,2607
District,Zabul,Atghar,24,2409,ATGHAR,ZABUL,26,8,2608,2409,2608
District,Zabul,Shomulzay,24,2410,SHEMEL ZAYI,ZABUL,26,10,2610,2410,2610
District,Zabul,Naw Bahar,24,2411,NAW BAHAR,ZABUL,26,9,2609,2411,2609
Provincial_Center,Paktika,Sharan,25,2501,SHARAN,PAKTIKA,12,1,1201,2501,1201
District,Paktika,Mata Khan,25,2502,MATA KHAN,PAKTIKA,12,2,1202,2502,1202
District,Paktika,Yosuf Khel,25,2503,YOSUF KHEL,PAKTIKA,12,3,1203,2503,1203
District,Paktika,Sar Hawzeh(Rawzeh),25,2504,SAR RAWZA,PAKTIKA,12,5,1205,2504,1205
District,Paktika,Zarghun Shahr,25,2505,ZARGHUN SHAH,PAKTIKA,12,7,1207,2505,1207
District,Paktika,Yahya Khel,25,2506,YAHYA KHEL,PAKTIKA,12,4,1204,2506,1204
District,Paktika,Omna,25,2507,OMNA,PAKTIKA,12,6,1206,2507,1206
District,Paktika,Gomal,25,2508,GOMAL,PAKTIKA,12,8,1208,2508,1208
District,Paktika,Sarobi,25,2509,SURUBI,PAKTIKA,12,10,1210,2509,1210
District,Paktika,Urgun,25,2510,URGOON,PAKTIKA,12,11,1211,2510,1211
District,Paktika,Nika,25,2511,NIKA,PAKTIKA,12,13,1213,2511,1213
District,Paktika,Jani Khel,25,2512,JANI KHEL,PAKTIKA,12,9,1209,2512,1209
District,Paktika,Waza Khah,25,2513,WAZAKHWAH,PAKTIKA,12,17,1217,2513,1217
District,Paktika,Wor Mamay,25,2514,WOR MAMY,PAKTIKA,12,18,1218,2514,1218
District,Paktika,Bermel (Burmul),25,2515,BARMAL,PAKTIKA,12,14,1214,2515,1214
District,Paktika,Gian,25,2516,GIYAN,PAKTIKA,12,15,1215,2516,1215
District,Paktika,Ziruk,25,2517,ZIRUK,PAKTIKA,12,12,1212,2517,1212
District,Paktika,Dila,25,2518,DILA WA KHUSH,PAKTIKA,12,16,1216,2518,1216
District,Paktika,Turwo (Tarwe),25,2519,TURWO,PAKTIKA,12,19,1219,2519,1219
Provincial_Center,Khost,Khost(Matun),26,2601,KHOST,KHOST,14,1,1401,2601,1401
District,Khost,Sabri,26,2602,SABARI,KHOST,14,7,1407,2602,1407
District,Khost,Musa Khel,26,2603,MUSA KHEL,KHOST,14,5,1405,2603,1405
District,Khost,Nadir Shah Kot,26,2604,NADIRSHAH KO,KHOST,14,6,1406,2604,1406
District,Khost,Mando Zayi,26,2605,MANDUZAY,KHOST,14,2,1402,2605,1402
District,Khost,Tani,26,2606,TANAY,KHOST,14,4,1404,2606,1404
District,Khost,Gurbuz,26,2607,GURBUZ,KHOST,14,3,1403,2607,1403
District,Khost,Tere Zayi,26,2608,ALI SHER,KHOST,14,8,1408,2608,1408
District,Khost,Qalandar,26,2609,QALANDAR,KHOST,14,10,1410,2609,1410
District,Khost,Shamal (Shamul),26,2610,SHAMUL,KHOST,14,12,1412,2610,1412
District,Khost,Spera,26,2611,SPERA,KHOST,14,11,1411,2611,1411
District,Khost,Bak,26,2612,BAAK,KHOST,14,9,1409,2612,1409
District,Khost,Jaji Maydan,26,2613,JAJI MAIDAN,KHOST,14,13,1413,2613,1413
Provincial_Center,Jawzjan,Shiberghan,27,2701,SHEBERGHAN,JAWZJAN,28,1,2801,2701,2801
District,Jawzjan,Mingajik,27,2702,MINGAJIK,JAWZJAN,28,4,2804,2702,2804
District,Jawzjan,Khwaja Du Koh,27,2703,KHWAJA DUKO,JAWZJAN,28,2,2802,2703,2802
District,Jawzjan,Qush Tepa,27,2704,QUSH TEPA,JAWZJAN,28,5,2805,2704,2805
District,Jawzjan,Fayz Abad,27,2705,FAIZABAD,JAWZJAN,28,8,2808,2705,2808
District,Jawzjan,Khanaqa,27,2706,KHANAQA,JAWZJAN,28,3,2803,2706,2803
District,Jawzjan,Aqcha,27,2707,AQCHAH,JAWZJAN,28,7,2807,2707,2807
District,Jawzjan,Mardyan,27,2708,MARDYAN,JAWZJAN,28,9,2809,2708,2809
District,Jawzjan,Qarqin,27,2709,QARQIN,JAWZJAN,28,10,2810,2709,2810
District,Jawzjan,Khamyab,27,2710,KHAMYAB,JAWZJAN,28,6,2806,2710,2806
District,Jawzjan,Darz Ab,27,2711,DARZAB,JAWZJAN,28,11,2811,2711,2811
Provincial_Center,Faryab,Maymana,28,2801,MAIMANA,FARYAB,29,1,2901,2801,2901
District,Faryab,Khwaja Sabzposh,28,2802,KHWAJA SABZ POSH,FARYAB,29,3,2903,2802,2903
District,Faryab,Pashtun kot,28,2803,PASHTUN KOT,FARYAB,29,2,2902,2803,2902
District,Faryab,Shirin Tagab,28,2804,SHIRIN TAGAB,FARYAB,29,6,2906,2804,2906
District,Faryab,Almar,28,2805,ALMAR,FARYAB,29,4,2904,2805,2904
District,Faryab,Qaysar,28,2806,QAISAR,FARYAB,29,7,2907,2806,2907
District,Faryab,Kohistan,28,2807,KOHISTAN,FARYAB,29,10,2910,2807,2910
District,Faryab,Garziwan,28,2808,GURZIWAN,FARYAB,29,8,2908,2808,2908
District,Faryab,Bil Cheragh,28,2809,BIL CHIRAGH,FARYAB,29,5,2905,2809,2905
District,Faryab,Dawlat Abad,28,2810,DAWLAT ABAD,FARYAB,29,9,2909,2810,2909
District,Faryab,Andkhoy,28,2811,ANDKHOY,FARYAB,29,13,2913,2811,2913
District,Faryab,Qaram Qol,28,2812,QARAM QUL,FARYAB,29,11,2911,2812,2911
District,Faryab,Khan-e-Chahar Bagh,28,2813,KHANI CHARBA,FARYAB,29,14,2914,2813,2914
District,Faryab,Qorghan,28,2814,QURGHAN,FARYAB,29,12,2912,2814,2912
Provincial_Center,Badghis,Qala-e-Naw,29,2901,QALA-E-NOW,BADGHIS,31,1,3101,2901,3101
District,Badghis,Muqur,29,2902,MUQUR,BADGHIS,31,3,3103,2902,3103
District,Badghis,Ab Kamari,29,2903,AB KAMARI,BADGHIS,31,2,3102,2903,3102
District,Badghis,Qadis,29,2904,QADIS,BADGHIS,31,4,3104,2904,3104
District,Badghis,Jawand,29,2905,JAWAND,BADGHIS,31,6,3106,2905,3106
District,Badghis,Bala Murghab,29,2906,BALA MURGHA,BADGHIS,31,5,3105,2906,3105
District,Badghis,Ghormach,29,2907,GHORMACH,BADGHIS,31,7,3107,2907,3107
Provincial_Center,Hirat,Hirat,30,3001,HERAT,HERAT,32,1,3201,3001,3201
District,Hirat,Injil,30,3002,ENJIL,HERAT,32,2,3202,3002,3202
District,Hirat,Kushk,30,3003,KUSHK (RUBAT-E,HERAT,32,7,3207,3003,3207
District,Hirat,Zinda Jan,30,3004,ZENDAJAN,HERAT,32,5,3205,3004,3205
District,Hirat,Guzara,30,3005,GUZARA,HERAT,32,3,3203,3005,3203
District,Hirat,Pashtun  Zarghun,30,3006,PASHTUN ZARG,HERAT,32,6,3206,3006,3206
District,Hirat,Karukh,30,3007,KARRUKH,HERAT,32,4,3204,3007,3204
District,Hirat,Gulran,30,3008,GULRAN,HERAT,32,8,3208,3008,3208
District,Hirat,Ghoryan,30,3009,GHORYAN,HERAT,32,11,3211,3009,3211
District,Hirat,Adraskan,30,3010,ADRASKAN,HERAT,32,9,3209,3010,3209
District,Hirat,Farsi,30,3011,FERSI,HERAT,32,15,3215,3011,3215
District,Hirat,Obe,30,3012,OBE,HERAT,32,12,3212,3012,3212
District,Hirat,Kushk-e-Kohna,30,3013,KUSHK-E-KUHN,HERAT,32,10,3210,3013,3210
District,Hirat,Kohsan,30,3014,KOHSAN,HERAT,32,13,3213,3014,3213
District,Hirat,Shindand,30,3015,SHINDAND,HERAT,32,14,3214,3015,3214
District,Hirat,Chisht-e-Sharif,30,3016,CHISHT-E-SHAR,HERAT,32,16,3216,3016,3216
Provincial_Center,Farah,Farah,31,3101,FARAH,FARAH,33,1,3301,3101,3301
District,Farah,Bakwa,31,3102,BAKWA,FARAH,33,8,3308,3102,3308
District,Farah,Bala Buluk,31,3103,BALA BULUK,FARAH,33,6,3306,3103,3306
District,Farah,Khak-e-Safed,31,3104,KHAK-E-SAFED,FARAH,33,3,3303,3104,3303
District,Farah,Pusht Rod,31,3105,PUSHTRUD,FARAH,33,2,3302,3105,3302
District,Farah,Qala-e-Kah,31,3106,QALA-E-KAH,FARAH,33,4,3304,3106,3304
District,Farah,Shib Koh,31,3107,SHIB KOH,FARAH,33,5,3305,3107,3305
District,Farah,Lash-e-Juwayn,31,3108,LASH-E-JUWAYN,FARAH,33,9,3309,3108,3309
District,Farah,Gulestan,31,3109,GULISTAN,FARAH,33,10,3310,3109,3310
District,Farah,Pur Chaman,31,3110,PUR CHAMAN,FARAH,33,11,3311,3110,3311
District,Farah,Anar Dara,31,3111,ANAR DARA,FARAH,33,7,3307,3111,3307
Provincial_Center,Hilmand,Lashkar Gah,32,3201,LASHKARGAH,HELMAND,30,1,3001,3201,3001
District,Hilmand,Nahr-e-Saraj,32,3202,NAHR-E-SARAJ,HELMAND,30,4,3004,3202,3004
District,Hilmand,Nad-e-Ali,32,3203,NAD ALI,HELMAND,30,2,3002,3203,3002
District,Hilmand,Nawa-e-Barak Zaiy,32,3204,NAWA-E-BARAKZAYI,HELMAND,30,3,3003,3204,3003
District,Hilmand,Sangin,32,3205,SANGIN QALA,HELMAND,30,8,3008,3205,3008
District,Hilmand,Musa Qaleh,32,3206,MUSA QALA,HELMAND,30,9,3009,3206,3009
District,Hilmand,Naw Zad,32,3207,NAWZAD,HELMAND,30,7,3007,3207,3007
District,Hilmand,Wa Sher,32,3208,WASHER,HELMAND,30,5,3005,3208,3005
District,Hilmand,Garm Ser,32,3209,GARM SER,HELMAND,30,6,3006,3209,3006
District,Hilmand,Kajaki,32,3210,KAJAKI,HELMAND,30,10,3010,3210,3010
District,Hilmand,Baghran,32,3211,,,,,,3211,0
District,Hilmand,Reg(khan Neshin),32,3212,REGͲEͲKHAN NI,HELMAND,30,11,3011,3212,3011
District,Hilmand,Deh shu,32,3213,,,,,,3213,0
Provincial_Center,Kandahar,Kandahar,33,3301,KANDAHAR,KANDAHAR,27,1,2701,3301,2701
District,Kandahar,Arghandab,33,3302,ARGHANDAB,KANDAHAR,27,2,2702,3302,2702
District,Kandahar,Zheray,33,3303,ZHIRE,KANDAHAR,27,5,2705,3303,2705
District,Kandahar,Panj wayi,33,3304,PANJWAYEE,KANDAHAR,27,4,2704,3304,2704
District,Kandahar,Daman,33,3305,DAMAN,KANDAHAR,27,3,2703,3305,2703
District,Kandahar,Shah Wali Kot,33,3306,SHAH WALI KOT,KANDAHAR,27,6,2706,3306,2706
District,Kandahar,Khakrez,33,3307,KHAKREZ,KANDAHAR,27,7,2707,3307,2707
District,Kandahar,Maywand,33,3308,MAIWAND,KANDAHAR,27,10,2710,3308,2710
District,Kandahar,Reg,33,3309,REG,KANDAHAR,27,16,2716,3309,2716
District,Kandahar,Shor Abak,33,3310,SHORABAK,KANDAHAR,27,14,2714,3310,2714
District,Kandahar,Spin Boldak,33,3311,SPIN BOLDAK,KANDAHAR,27,11,2711,3311,2711
District,Kandahar,Arghistan,33,3312,ARGHISTAN,KANDAHAR,27,8,2708,3312,2708
District,Kandahar,Miyanshin,33,3313,MIYANISHIN,KANDAHAR,27,13,2713,3313,2713
District,Kandahar,Nesh,33,3314,NISH,KANDAHAR,27,12,2712,3314,2712
District,Kandahar,Ghorak,33,3315,GHORAK,KANDAHAR,27,9,2709,3315,2709
District,Kandahar,Maruf,33,3316,MARUF,KANDAHAR,27,15,2715,3316,2715
Provincial_Center,Nimroz,Zaranj,34,3401,ZARANJ,NIMROZ,34,1,3401,3401,3401
District,Nimroz,Kang,34,3402,KANG,NIMROZ,34,2,3402,3402,3402
District,Nimroz,Chahar Burjak,34,3403,CHAR BURJAK,NIMROZ,34,4,3404,3403,3404
District,Nimroz,Chakhansur,34,3404,ASL-E-CHAKHAN,NIMROZ,34,3,3403,3404,3403
District,Nimroz,Khash Rod,34,3405,KHASHROD,NIMROZ,34,5,3405,3405,3405
,Paktya,Laja Mangal,,,LAJA MANGAL,PAKTYA,,,,9992,1312
,Panjsher,Abshar,,,ABSHAR,PANJSHIR,,,,9993,808
,Kandahar,Takhta Pul,,,TAKHTA PUL,KANDAHAR,,,,9994,2718
,Kandahar,Dand,,,DAND,KANDAHAR,,,,9995,2717
,Uruzgan,Chenarto,,,CHENARTO,UROZGAN,,,,9996,2506
,Paktya,Meerzaka,,,MEERZAKA,PAKTYA,,,,9997,1313
,Hilmand,Marja,,,MARJA,HELMAND,,,,9998,3014
,Nimroz,Delaram,,,DELARAM,NIMROZ,,,,9999,3406
