id,gender,party,name,ballotOrder
962,M,1,سلطان احمد طلایی   شیر جان ,76
30003,F,1,آرین یون,59
30007,F,1,سایمه خوگیاڼۍ ,49
41835,M,2,نادر فهیمی,15
42267,M,1,بسم الله امیری,43
43568,F,1,خانم رضایی,7
50289,M,1,سلطان عزیز قربانی,26
51131,M,1,رحمت گل,67
55335,M,1,انجینیر ګل آغا حسنی صاحبزاده,8
56004,M,1,مولوی محمد ابراهیم   سالک,38
61031,M,1,مولوی رحیم گل توحید یار ,138
72918,M,1,شیرزمان ځلاند,13
77628,M,2,حاجی  دوست محمد جلالزی,66
81415,M,1,حیات الله حبیب,465
82558,M,1,الحاج مولوی نجیب الله  عبادی,88
86234,M,1,الحاج جنرال عبدالقادر هزاره,87
91209,F,1, داکتر دل جان   فرحت,77
98512,F,1,ناجیه ,12
98517,M,2,سید اسحق گیلانی,22
105559,M,54,الحاج مولوی لطف الله عزیزی ,58
113794,M,1,عصمت الله مسلم,27
124221,M,1,قاری محمد نظیف ,65
130151,M,1, عین الدین  رستاقی ,74
138048,F,54,رابعه   دشتی ,63
138080,F,1,الحاج استاد ناجیه ایماق,51
138357,F,1,فهیمه فرحت,21
141013,F,1,مژگان عرضبیگی,64
147411,M,1,,
149553,M,1,الحاج عبدالمومن عمر خیل,86
180981,M,1,محمد عظیم موسوی,18
200072,M,1,حاجی محمد عزیز عمرزی,28
206822,M,1,معلم عبدالاحد ,9
206932,M,1,حاجی محمد رنگین مشکوانی,21
210401,M,1,حاجی معلم غلام سخی,23
210404,M,1,احمد شاه برهانی,7
210405,M,1,حبیب الله ملتیار,18
236522,M,2, امیر محمد  ضیائی,20
249839,M,1,مولوی محمد ضیاء روحانی,5
260953,M,1,ملک احمد نیکزاد,75
262715,M,1,عبدالهادی فیضی,70
268339,M,1,صادقی زاده نیلی,33
272931,M,1,محب الله,20
276121,M,1,محمد نوید سعد,6
287780,M,3,داکتر محمد یوسف  عثمانی ,89
291829,M,1,غیب الله دستیار,86
295901,M,1,الحاج مولوی عنایت الله شریفی,7
298402,F,1,وږمه ساپۍ,18
301816,M,1,مولوی رحمن نحوی,71
307007,F,1,معصومه یقین,66
309230,F,54,فریحه باتر بیک ,7
319599,F,1,,
324779,F,1,آصفه صبا,27
327004,F,2,حاجی محبوبه صادق ,33
327089,F,2,معصومه میرزائی,23
346616,M,1,محمد آصف برنایار ,656
347502,F,1,سلیمه کمال الدین,39
371753,M,1,مولوی عبدالحی حیرت,16
373308,M,1,الحاج زیب نور ,3
383007,F,1, داکتر عاقله شرف  ,12
388970,M,2,سید الرحمن سباوون,9
394740,M,1,استاد عبدالله شرر,32
396260,M,1,معلم اسدالله اسد,33
402713,M,1,حاجی نجیب الله,15
404296,M,1,سید هادی  بلخی,51
409175,M,54,سید عبدالسلام نزهت ,71
428258,M,1,خواجه شیرین,9
435250,M,1,خواجه صدیق احمد عثمانی,53
444151,M,1,مولوی نجیب الله روحانی,44
449994,M,1,حاجی عبدالرسول تلاش,56
455021,F,31,طیبه یوسفی,13
456906,M,1,عبدالله قاری بابا,148
476427,M,1,‌ْ‎ًٌٍځارنوال عبدالستار خواصی,5
481251,M,1,الحاج محمد الدین غوربندی ,46
484040,F,1,,
501226,M,1,دوکتور محب الله کټوازی ,41
507305,M,2,دیپلوم انجنیرالحاج سید محب الله گیلانی,3
514951,F,54,مسعوده عمری,21
524005,M,54,امیر عبدالواحد   فقیر زاده ,33
524007,M,1,الحاج عبدالمطلب بیک,57
524303,M,1,مدیر تاج الدین  داور ,27
525313,M,1,سید قطب الدین  سید,20
526625,M,54,عطا محمد ,5
527196,F,1,فاطمه مسعود ,25
552736,M,1,,
554708,F,1,قاضی راحله سلیم ,8
569849,M,1,حاجی اسد الله  قره باغی ,540
573205,M,1,حاجی عبدالحلیم اندړ,6
574944,F,1,حمیرا محمدی,190
576539,M,1,پو هندوی علی حسین ندام ,344
579407,M,1,سید نعمت الله  نعیمی,55
593069,F,1,زینب هیبت              ,58
602069,M,1,صالح محمد زمانی,452
602367,F,1, فرزانه شنسب احمدی,35
610537,F,1,حمیده  امیری ,237
618568,M,1,عبدالله نړیوال,653
620226,M,11,عبدالجمیل اوریا خیل ,201
627234,M,1,حفیظ اله  بارکزی ,359
629642,M,1,الحاج غلام محمد فایز,424
630791,M,1,محمد ظاهر عباسی ,253
636657,M,1,انجینر سید حسن موسوی ,529
637520,M,1,حاجی سخیداد غافل,528
638178,M,1,حاجی سلطان جان  خاکسار,26
638911,M,1,څارنوال محمد نادر حقو قمل,29
639759,M,1,غلام یحی لشکر,14
642212,M,1,انجینر ظفر خان,21
644616,M,1,واسع فرمان,408
660019,M,1,سید مقبول عمری,290
660038,M,1,الحاج نور اله نور,271
660112,M,1,فضل کریم ایماق,35
660167,M,11,الحاج بیدار ځاځی,343
663112,M,1,انجینرغلام علی منیر,525
663139,M,1,زلمی طوفان ,119
664088,M,1,الحاج عبدالکریم  کریمی ,225
665615,M,1,,
665864,M,1,الحاج محمد هارون جلالی,455
674739,M,1,انجینر عبدالهادی ,4
681699,M,2,غلام علی زارع   حقجو,120
688007,M,1,معلم عابد ,235
699894,M,1,محمد داود اکبر نجرابی ,664
702521,F,1,خالده الکوزی,9
704286,F,1,دیپلوم انجنیر فرزانه ادیب زمانی ,392
707512,M,1,غلام سخی امیدوار ,374
710847,F,30,دکتورس ضیاُ با توری ,597
712200,F,1,زهره امیری,615
713650,F,1,فریبا چرخی,443
716729,M,1, غلام علی پیکار زاده,22
720771,M,1,محمد مهدی  میثم ,442
723540,M,1,انجنیر غلام محمد مسافر,34
723941,M,1,انجنیر شیر احمد شاهی ,585
725614,M,1,محمد الله ببرک ,59
726040,M,1,محمد ایمل خروټی,325
727063,M,1,حاجی خواجه نور نوری,417
736982,M,1,سید مسکین سیفی,395
739313,M,1,وکیل محمد امین,19
747229,M,1,اسماعیل صفدر ی,60
749247,M,1,نسیم ګل توتا خیل ,36
750974,M,1,حاجی محمد حنیف  یوسفزی ,611
755632,M,1,عبدالغفار سدید,69
760686,F,1,حاجی محترمه حبیبی ,32
762857,M,1,الحاج عبدالکریم ملنگ حوض کرباسی,128
772781,M,1,حاجی غلام سرو ر  فایز,15
773273,F,1, صفیه ایماق,13
773376,M,1,,
775639,M,1,محمد اکبر  عمری ,497
776222,M,1,الحاج محمد حسین چیله باغ,513
776444,M,1,استاد عبدالحبیب صمیم,56
785284,M,1,داکتر ظهیر سعادت,9
788019,M,1,انجنیر هدایت الله ظفری,224
798530,M,1,حاجی روزالدین ,182
817022,M,1,میر زمان جهادیار,15
818769,M,1,داکتر عاشق الله یعقوبی,298
819461,M,1,سید حسن آغا هدایتی,349
823296,F,1,,
828465,M,1,فواد سلطانی   ,171
829210,M,1,سید مصطفی صدیقی,4
834991,M,1,محمد داود بارکزی  ضربه ,575
837116,M,1,الحاج محمد الماس زاهد ,8
848023,M,1,محمد صادق مشهور به معلم قند آغا ,136
851548,F,1,وحیده عدالت جو ,22
852885,M,1,انجینر عبدالبشیر بشارت الله,16
860346,M,1,حاجی شاه آغا سخیزا ده ,6
861135,F,1,زرغونه  حمید ,283
888335,M,1,سید عنایت الله  مشهور به حاجی جان اغا,2
904290,M,1,پوهنمل دیپلوم انجنیر محمد عزیز امینی,420
926537,M,1,محمد حکیم تورسن ,212
928435,M,1,فدا محمد  اور یا خیل ,490
931501,M,1,دگروال عبدالرحمن شهیدانی,41
933568,M,1,الحاج محمد عیسی اخلاقی,42
935571,M,1,انجنیر شریف امین,29
939974,M,1,حاجی سید محمود مخلص,373
948420,F,1,استاد نفیسه حنیف خوش نصیب ,169
950415,F,1,سینا رحمانی,466
956930,M,1,الحاج انجنیر اسحق علی جمال ,471
957331,F,1,ملالی صافی توحید,628
961319,F,1,شمایل  نیکزاد امیری,77
964917,F,1,فهیمه  سرفراز ,427
965730,F,1,معلم رقیه احسان تیموری ,541
967383,M,1,حاجی عبید الله رحمانی,303
967571,M,1,مولوی فضل الکریم سراجی ,49
972006,M,1,امان الله نبی زاده,2
972335,M,2,استاد عبدرب الرسول سیاف,322
972403,M,1,حاجی مهدوی,104
972412,M,1,میر احمد جوینده,8
972453,M,1,الحاج سید عبدالناصر یعقوبی ,232
972471,M,1,سید عسکر  فقیری  ,66
972751,M,1,محمد رفیع ,160
972761,M,1,محمد طاهر گردون,104
975057,F,1,پروین صوفی,521
980064,M,1,سید شیر آقا روحانی,482
980186,M,1,وحید الله غازی خیل,272
980690,M,1,محمد داود جلالی,264
981488,M,1,حاجی سکندر فراجی,184
983411,M,54,الحاج امان الله,66
984047,M,1,داکتر عبدالمحیط ذاکر ,67
985041,M,1,عبدالغفار فیضی ځدران ,13
985759,F,1,حسینه سهاک,539
987032,F,1,الحاج بی بی حاجی مسلمه امانی,145
987061,F,2,نادره خروټی ,78
987081,F,31,نسرین پارسا,304
987157,F,37,,
987309,F,1,سهیلا انصاری,15
988187,M,1,محمد احرار,643
988316,M,1,محمد  رستم  فقیرزاده ,350
988772,M,1,سید عبدالله ,132
989550,M,1,احمد رضا تیموری,460
990147,M,1,انجینر عبد اللطیف احمدزی,27
990292,M,1,معاون سر محقق عبدالواسع فیروزی,287
990359,M,2,نور احمد چهاردهی وال ,17
990377,M,1,غلام مصطفی پوپلزی,370
990384,M,1,الحاج ملک تاج محمد ,432
990425,M,1,حاجی عبدالفتاح مشهور به حاجی جان ,401
992330,M,2,عبدالصمد ناب,74
992914,M,1,,
993605,M,1,داکتر فهیم ,436
994017,M,1,جنرال سکندر  اصغری ,606
996195,M,2,عبدالمتین محمد خیل,356
996229,M,1,الحاج داکتر نجیب اله بابکرخیل,389
996244,M,1,مولوی نادر شاه بلیغ ,478
996380,M,2,شیر الله جبارخیل,412
997138,M,1,داکتر رمضان بشر دوست ,100
1001242,M,1,جواد امید,43
1004938,M,1,سید جمال طاهری ,508
1008086,M,1,عبدالحکیم احمدی,463
1017429,M,1,,
1032394,M,1,حاجی انجنیر محمد ضیا طاهری,67
1044582,M,1,محمد آقا نظری ,85
1044702,M,1,حاجی محمد امان صافی ,180
1044894,M,1,محمد سلیمان کاکړ,406
1051349,M,1,استاد سید یوسف  قدیس ,162
1058127,M,1,حاجی فکوری بهشتی,27
1069556,F,1,استاد شیرین تاج  رحیمی,337
1071366,M,1,شاه محمد نظری,118
1073284,M,1,سید داودشاه مرتضوی,240
1081847,M,1,داکتر علی جان جمال,35
1083737,M,2,عبدالملک حبیبی,34
1087368,M,1,الحاج پوهاند محمد ظاهر امیری ,46
1092179,F,2,داکتر زیبا  حبیب  درانی,72
1095117,M,1,حاجی شفیع الله عرب,159
1095147,M,1,الحاج رحیم جان شیرزاد فی سبیل الله,77
1098045,M,1,عاشق الله ,43
1098075,M,2,گل محمد,152
1124252,F,2,انجنیر نفیسه عظیمی,15
1124743,M,1,محمد آصف امینی,74
1132221,M,1, ډاکټر میرویس مومند ,32
1136901,M,1,حاجی سخی,26
1137454,M,1,الحاج محمد روزی,22
1141968,M,1,حاجی پاچا سنګر مل,19
1145213,F,1,رڼا قادری ,41
1145253,F,2,صفورا ایلخانی,2
1146752,M,1,استاد غلام علی امین,1
1151503,M,1,محمد رحیم  علی یار زاده,12
1160518,F,1,زرکی کاظمی,8
1226023,M,1,عبدالحمید حبیبی,19
1228811,M,1,حاجی عبدالکبیر,39
1243575,M,1,انجینر محمد خان,168
1275334,M,1,ملک عصمت الله شینواری ,19
1283703,M,1,شریف الله شریفی,36
1285396,M,1,استاد روح الله لعل پوروال,156
1304417,M,1,مستوفی زلمی,18
1307463,M,1,داکتر ذبیح الله   حکیمی  ,36
1323209,M,1,ډاکټر محمد نواز حقیقت سانین,17
1324605,M,1,فریدون مومند,121
1326136,M,1,میا خان اغا ,133
1329001,F,1,نجیبه  ساپۍ ,9
1334964,M,1,شیخ مقدس بلال ,140
1335057,F,1,داکتر ملیحه عبیدی ,158
1344418,F,1,ساجده هاشمی ,11
1347143,M,1,الحاج استاد لعل پاچا ازمون,85
1347387,M,1, انجینر انار گل فقیری ,55
1347412,M,1,,
1347420,M,1,حاجی سهار گل,21
1347516,M,1,حاجی حضرت علی,65
1347724,M,1,خیبر,89
1352028,M,1,قاضی محمد امان مبارز,25
1360512,F,1,گلالۍ ناصری ,99
1366023,F,1,صیفوره کوهستانی,8
1372347,F,1,شفیقه صافی ,11
1373372,M,1,قاری امید  صافی,24
1383203,F,1,طاهره  میرزاده ,18
1383796,M,1,شیربهادر همت ,95
1388140,F,1,عظیمه تسلیم کوهستانی ,38
1389129,M,1,,
1412943,M,1,عبدالخالق آزاد,19
1419485,M,1,دکتورسید رحیم عرب,17
1427155,M,1,حاجی محمدجان رضایی ,65
1438829,M,1,محمد عارف رضائی,57
1446468,M,1,حاجی صالح محمد,6
1447763,F,1,انیسه امیری,23
1455292,M,1,داکتر عبدالله روان   نومیالی ,75
1461938,F,31,انجنیر سکینه غفاری,40
1462625,M,1,دین محمد حکیمی,9
1464901,M,1,شیر محمد موج,9
1465715,M,1,داکتر امرالدین,28
1468017,M,54,حاجی خلیل الله عزیزی,2
1468083,M,1,سید غلام حسین حسینی بلخابی,44
1475566,M,1,حاجی عبدالغفار ,21
1488182,M,1,حاجی پاینده محمد خان,37
1489801,M,2,فیض الله فیاض ,25
1508158,M,1,حمیدالله بیک,34
1508673,M,54,الحاج قاری عبدالمنان,42
1515001,M,1,,
1515002,M,1,غلام حسین ناصری,30
1515004,F,1,استاد حمیرا حقمل,9
1515005,M,1,محمد امان بهبودی,3
1515006,M,1,شریف پویا,12
1515007,F,1,صدیقه مبارز,34
1515008,M,1,حاجی عبدالمجید وردگ,25
1515009,F,31,انجنیر سهیلا فیضی نژاد,26
1515010,M,1,داکتر ذبیح الله احمدی,33
1515011,F,1,انجنیر حمیده اکبری,21
1515012,M,1,زیدالله حیدری,23
1515013,M,1,محمد داود حسینی,27
1515015,M,1,استاد محمد انور میدانوال,13
1515016,M,1,داکتر میا فضل الرحیم باور,14
1515017,M,1,جنرال زلمی وردگ,37
1515018,M,1,سید محمد هادی هادی,11
1515019,M,1,براتعلی جعفری,20
1515021,F,1,فاطمه فاطر,7
1541057,M,31,علی محمدی,11
1547603,F,1,الحاج راحله وردک,5
1553201,M,1, صداقت حقمن,33
1553204,M,1,حاجی محمد اکبر ستانکزی,23
1553205,M,1,نورالله عظیمی,3
1553206,F,1,انیسه صافی سادات,25
1553207,M,1,دلاور فیضان,4
1553208,M,1,انجنیر محمد حیات احمدزی,17
1553209,M,1,انجینر صاحب خان ,19
1553210,M,1,قلم الرحمن احمدزی,30
1553211,F,1,الحاج انجنیر زهره احمدزی,38
1553212,F,2, بخت النسا احمدزی ,40
1553213,M,1,الحاج سید قریب الله,11
1553214,M,1,استاد عبدالرازق   عزیزی,15
1553215,M,1,سیف الرحمن   طارق,31
1553216,M,1,الحاج مصطفی بدر,28
1553217,F,1,دکتورس راحله  نادر,24
1553218,M,1,دولت عبدالله,37
1553219,M,1,انجینر همیشه گل      ,20
1553220,F,1,,
1557838,M,1,ذبیح الله,4
1563884,M,1,حاجی غلام حسن اکبری,17
1569331,M,1,زرخان څارن ,68
1570517,M,1,انجنیرمحمدآغا مبارز,32
1571997,M,1,ولسوال سید آغا  شیرزاد,115
1588476,M,1,حاجی نور آغا  ملکزی,146
1633341,M,1,محمد جمعه باوری,44
1635501,M,1,سید حسن صفائی ,24
1638004,M,1,الحاج اسدالله ثابت,91
1638485,M,1,مولوی احمد الله   احمدی ,18
1640984,M,1,محمد هادی خان,20
1643130,M,1,داکتر محمد اکرم,6
1644665,M,1,استاد صاحب نظر  دشتی,36
1645049,M,1,محمد عیسی  ,31
1645261,M,1,قاری محمد هاشم  هیکل زاده ,15
1645501,M,23,قاضی محمد کبیر  مرزبان,85
1645503,M,1,قاضی محمدایوب  مهر,60
1677550,M,1,محمد رستم ,31
1691172,M,1,میر علم نصرت یار,7
1707579,M,1,حاجی عبدالقدیم حاجی خادم,2
1710932,M,1,ودیر صافی,70
1712060,F,1,جمیله شریفی ,36
1738288,M,1,محمد عظیم  حامد ,47
1744170,M,1,استاد عبدالخالق,19
1770064,M,1,عبدالباقی,49
1775650,M,1,استاد حاجی هدایتی,15
1779155,M,1,کفایت الله صمدی,30
1779206,M,54, سردار ایلمراد ارغون ,35
1779209,M,54,انجنیر محمد هاشم اورتاق,24
1801346,M,1,الحاج معاون صفر محمد مبارز,27
1809942,M,1,قاضی نورالدین ضیایئ,6
1813154,M,1,الحاج علم خان   آزادی,38
1813162,M,60,زلمی  یونسی,46
1813532,M,1,دوکتور کرام الدین  وکیل زاده,4
1813799,M,1,خالمراد,42
1813800,M,1,عمر قل الله یاری,58
1814781,M,2,دوکتورسیدشیر محمد احدی,43
1818061,F,1,حمیرا گلشنی,39
1819238,F,1,صیفوره نیازی,60
1824178,M,1,حاجی قدرت الله ,93
1824297,M,1,الحاج روزی گلدی اویچی,82
1824393,M,1,محمد قیوم ,29
1827066,M,1,سید حامد بیگ جان زاده,37
1827159,M,1,انجنیر الف محمد,15
1840837,F,1,داکتر نیلوفر ابراهیمی,57
1841366,M,1,داکتر غلام ربانی ,86
1842079,M,1,عبدالحمید ,5
1843883,M,1,مدیر نماز,46
1850042,M,1,معلم چهاری,81
1856122,M,1,حاجی سراج الدین صفری,41
1861440,M,1,محمداقبال,28
1870446,M,1,ملا محمد طاهر صدیقی,30
1890113,M,1,انجنیر احمد,9
1899016,M,1, پوهنمل استاد محمد علم پیکان ,562
1899204,M,54,مولوی محمد مبشیر,11
1901003,M,1,حاجی محمد اکبر,66
1901548,M,1, ظابط  محمد کریم,9
1902369,M,1,محمد نعیم قلعه نوی,5
1909584,F,54,کامله سادات,82
1921569,M,1,داکتر معظم   صدیقی ,11
1924529,M,95,احمد حسین سنگردوست,31
1924705,M,16,حاجی فیض,1
1926013,M,1,روز محمد  نور,15
1926017,M,1,الحاج پیر نظر خان,4
1931259,M,1,الحاج قاری دولت محمد  عثمانی,4
1935892,M,1,حفیظ الله عزیزی,125
1946735,F,1,شراره امان ,84
1959001,M,1,سید اکرام الدین  معصومی,35
1959638,M,1,رحیم شاه قرلق,46
1960001,F,1,دوکتورس انیس گل اخگر,5
1964130,M,1,عبدالرسول شکیب,69
1972897,M,1,الحاج مفتی حفیظ الرحمن نقی,23
2031060,M,1,حاجی سید مختار اغا  سادات صابری,62
2031119,M,1,حاجی عبدالروف ابراهیمی,55
2031120,M,1,حاجی محمدالله وردگ,53
2031213,M,1,مولوی غلام ربانی  رحمانی,94
2031376,M,1,رییس عبدالباقی ملک زاده ,61
2031554,M,1,مولوی سراج الدین سیرت,72
2033553,M,1,الحاج څارنوال عبدالروف مهربان,82
2037648,M,2,امان الله ظاهری,77
2040119,M,1,وکیل میر محمد سلیمان یعقوبی,61
2040134,M,1,معلم امرالدین خیری,107
2042460,M,1,استاد مطیع الله دهاتی,30
2049239,M,1,الحاج اسد الله عمر خیل,29
2049394,M,1,حاجی ارباب محمدعمر,7
2049469,M,1,دوکتور محمد شاکر  نسیم ,79
2049502,M,1,سرمعلم محمود شاه فرینگ زی,69
2049644,M,1,ظفر خان بهادر,35
2061009,M,16,آمر سلطان ,31
2074033,M,1,دولت محمد  جوشن,47
2083127,F,1,کریمه فرنگزاد,14
2087949,M,1,امان الله ایمان,60
2105381,M,1,روح الامین امانی,79
2118903,M,1,الحاج وکیل عبدالجبار,56
2138097,M,1,حاجی عبدالقادر,25
2138114,M,1,محمد عمر,39
2138191,M,1,داکتر عبدالسلام بیگ,46
2141204,M,1,الحاج محمد عارف مبشر,80
2141208,M,1,نور الله مصیب,49
2141357,M,1,آقای صالحی ,23
2141802,M,1,داکتر محمد آصف,2
2147509,F,1,ګل هار جلال,12
2163062,M,1,حاجی سید اسمعیل اخلاقی,99
2164819,M,1,استاد محمد نور شیرزاد,82
2181180,M,1,استاد محمدکریم خان  حیدری,6
2181337,M,54, الحاج وکیل عبدالملک   مله,54
2195421,M,1,حاجی جیلو ,50
2215250,M,1,عبدالمعین ,29
2215763,M,1,محمد نور خواهانی,37
2217449,M,1,سید محمد  شمشیری,19
2232520,M,1,داکتر احمد جاوید محسن زاده,95
2233802,M,1,آرش شهیرپور ,73
2233803,F,1,آمنه سحر همایون,97
2233805,M,1,زمان الدین  آریانی,78
2233806,F,1,استاد زلیخا اکبرزاده یفتلی,61
2233807,F,1,نیلوفر دروازی,89
2233808,M,1,امیری,7
2233809,F,1,داکتر ملیحه عزیز,83
2233810,F,1,ایرانگل سیحون,62
2233811,M,1,عبدالحکیم حاکم خواهانی,77
2233812,M,1,محمد ذکریا سودا,15
2233813,M,1,الحاج صفی الله مسلم,81
2233814,M,1,عبدالمنان شیوای شرق,64
2233815,M,1,عبدالبشیر حیدری پیلوت ,93
2233817,F,2,بلقیس نجمی,69
2233818,M,1,نور احمد دلداری,85
2233819,M,1,مخدوم احمد,66
2233820,M,1,عبدالشهید نادری,43
2233821,F,1,فوزیه کوفی,34
2233822,M,1,نور الله هدف,25
2233823,M,1,پوهنیار استاد محبوب اله حامد,63
2233824,F,1,راضیه حیدری,68
2233825,M,1,الحاج زلمی مجددی,51
2233826,M,1,سید جعفر نادری,94
2233828,M,1,محبوب الله مطهری,21
2233829,M,1,حبیب الله فروغی,30
2233830,M,1,مولوی عبدالعزیز,36
2233831,M,1,امان الله پیمان,80
2233832,M,1,الحاج جنرال اکبر روهگر,13
2233834,M,1,تقی الدین دانشی,32
2233835,M,1,عبدالمصور سروری,59
2233836,M,1,حبیب الرحمن فایق,90
2233837,M,1,خلیل الرحمن,56
2233838,M,1,کشاف,10
2233839,M,1,سردار خان,35
2233840,M,1,عبدالشکور واقف حکیمی,8
2233841,M,1,قدرت الله شریفی,38
2233842,M,1,مولوی عبدالجبارفرقانی,41
2233843,M,20,عبداللطیف پدرام,50
2233844,M,1,سید علم تائب ,54
2243824,M,1,محب الله ضیائی,17
2243887,F,1,سلیمه نیکبین نیکزاد,423
2254002,M,1,محمد نذیر کارگر,55
2260470,M,1,امان الله قاطع,188
2274719,F,1,فاطمه نظیری,185
2278941,M,1,میر امان الله   گذر ,52
2289388,M,1,محمد اسلم هزاره,630
2293001,M,1,حاجی محمد رسول   تیوره گی ,24
2293002,M,1,استاد امان الله فیروزکوهی غوری,27
2293004,M,1,داکتر وحیدالله,5
2293005,M,1,مولوی دین محمد عظیمی ,10
2293006,F,2,گلثوم جعفری,11
2293010,M,1,حاجی خدابخش  کاتب ,4
2293013,F,1,داکتر نوش آفرین شهاب دولتی,13
2293014,M,1,نور علی,21
2293015,F,1,جمیله امامی ,6
2293016,F,1,رابعه راجی,18
2293017,F,1,سیما جوینده,31
2293018,M,1,حاجی قربان کوهستانی,25
2293019,F,1,مرضیه رحیمی ,16
2293020,F,2,شاه جهان رسول صدیقی,23
2293021,M,1,سید باقر سجادی ,17
2293022,M,1,مولوی نور محمد,7
2293023,M,1,رجبعلی  دانش لعلی ,40
2306074,M,1,استاد محمد قاسم شبنم ,37
2358008,F,1,نسرین حمید ,438
2364003,M,2,قربان علی فصیحی ,117
2364459,M,1,سید محمد انور  هاشمی,633
2379858,M,1,محمداسماعیل خان مجروح,26
2382689,M,1,دگروال نیک محمد عباسی ,35
2389901,M,1,الحاج کرام الدین رضا زاده,15
2390314,M,1,حاجی پرویز عرب زاده,439
2390316,M,1,سید نعیم سادات,435
2391691,M,1,حاجی احمد خان   رسولی ,38
2395900,M,1,والی وحدت یار احمدزی,34
2403824,M,1,محمد نسیم,32
2450650,F,1,استاد ملیحه ارزش,9
2450928,F,1,کبرا دهقان,76
2451078,F,1,کبرا سادات غزنوی,10
2474774,M,1,عبدالولی نیازی,44
2487910,M,1,روح الله احدی,13
2488030,M,1,انجنیر بهلول صافی,7
2492904,F,1,  سناتور  ریدا عظیمی,1
2496015,M,1,الحاج مولانا عبدالرحمن حکیمی,13
2496995,F,1,ذکیه سنگین,54
2497806,M,1,‌ډګروال عبدالولی طوفان تره کی,45
2501845,M,1,,
2504924,F,1,عظیمه سادات,47
2504925,F,1,سامعه  عزیزی  سادات,31
2504926,M,1,حاجی عبدالشکور قدوسی,32
2504928,M,1, الحاج گل آقا رحیمی ,34
2504929,M,3,انجنیر عبدالغفار غیاثی,11
2504931,M,80,مولوی رحمت الله جمال,39
2504933,M,1,الحاج  ثبات,3
2504934,M,1,حاجی نجیب الله نجیب,12
2505898,M,1,عبدالخلیل بایانی,4
2506889,M,1,الحاج میرالرحمن رحمانی,10
2508001,M,1,سید عبدالاحمد شاه مصطفوی,26
2518311,M,1,جنرال حبیب الله سالنگیار,42
2524232,M,1, محمد یاسین کشمیر,49
2525097,M,1,حاجی عبدالستار,36
2529011,M,2,غلام علی آزاد,31
2533728,M,1,الحاج لطف الله  حقبین ,17
2534340,M,1,حاجی مسجدی غوربندی ,18
2547206,F,1,گلشن شمیم رسولی,75
2575211,M,1,مولوی محب الله شریفی,91
2610122,M,1,داکتر نورالله ,90
2611481,M,1,انجینرامان الله  بارز,45
2611512,M,2,حاجی محمد عمر خان حسین خیل احمدزی,32
2611593,M,1,امین گل,1
2622602,M,1,څیړندوی شهزاده توحید مل ,39
2630505,F,1,ریزه ګل,26
2630506,M,2,سید عبدالقادر   ګیلانی,34
2630526,M,1,وکیل حاجی طالب ,48
2642707,F,1,نازیه  عادلیار,34
2646561,M,31,طالب حسین موحدی,36
2653904,M,3,عید محمد رضائی پکتیاوال,54
2654101,M,1,عزیز آغا ,73
2655914,M,1,علی یاور حسین زاده,26
2701411,F,1,خالده غزنوی,32
2705751,M,1,محمد هاشم فصیحی,22
2707162,M,1,حاجی آغا جان,36
2707649,M,1,مولوی امین الدین  مظفری,2
2710795,M,1,عبدالقادر واحدی,55
2741702,F,16,فاطمه هاشمی,27
2754991,F,1,برشنا ربیع ,71
2759639,M,2,الحاج محمد عبدّه,7
2779587,M,1,حاج شیخ محمد باقر ناطقی,28
2780104,M,1,داکتر عزیز الله کوهستانی ,57
2783508,F,1,استاد کامله روفی ,10
2800760,M,1,سید محمد اسلامی,5
2800814,M,1,الحاج محمد یوسف غضنفر ,53
2801599,M,2,الحاج سید  شمس الدین سادات,33
2801887,M,1,انجینر زلمی ذهیر,112
2803114,M,1,الحاج سید عبدالقدیر صیاد,4
2803117,M,1,مولوی حافظ الرحمن حیدری,45
2812180,M,1,حاجی امان الله   همدرد,47
2814184,M,1, داکتر عبدالقیوم  سجادی,28
2823707,M,1,ډاکټر محمد الرحمن ,20
2829966,M,1,انجینر محمد عالم قرار,45
2864462,M,1,حاجی محمد طاهر صافی ,15
2864836,M,1,حسین علی شفائی,69
2893322,F,1, داکترهما شمیم ,23
2893485,M,1, محمد مصطفی یاسا,6
2894166,M,1,حاجی خوشحال ,13
2915910,M,1,غلام ویس صدیقی,32
2918166,M,2,حاجی عبدالاحمد درانی,8
2918784,M,1,دوکتور محمد ابراهیم کریمی,32
2919088,F,1,فخریه رحمانی,4
2933779,M,1,حاجی عباسی,27
2934400,F,1,رقیه نایل ,19
2958101,M,1,محمد شریف شمال ,13
2958102,M,1,ظابط شمس الدین سیدخیلی صافی,40
2958104,M,1,انجنیر همایون,23
2958107,M,1,الحاج داکتر عبدالرزاق عظیمی,27
2958108,M,1,الحاج محمد زاده پارسا ,25
2958201,M,30,اسدالله سعادتی,23
2958202,M,1,درمحمد ابراهیمی,1
2958203,F,1, امیرتاج سیرت,11
2958204,F,1,ریحانه مهدی زاده,19
2958205,M,31, دکتور دین محمد فروتن ,6
2958207,M,1, سید طاهر اعتمادی بیری,5
2958208,M,1, انجنیر سید مالک شاه,18
2958209,M,1,سید محمد داود ناصری سناتور اسبق,7
2958211,M,31, حاجی محمد باقر شریفی ,22
2958212,M,31,حسین انصاری,21
2958213,M,1, پیلوت شیر محمد,14
2958214,M,95,محمد نور اکبری ,8
2958215,F,1,کبرا مروجی,20
2958216,M,1,سید محمد جواد موسوی ,17
2958217,M,1,استاد سید حامد سجادی,24
2958218,M,1, غلام یحیی اخلاقی ,30
2958219,M,1,محمد زمان اطرافی,28
2958220,M,1,داکتر محمدعلی ستیغ,3
2958221,M,1,,
2958402,M,1,سید حبیب الرحمن ,64
2958403,M,1,محمد صدیق عابدی مشهور به سهراب,93
2958404,M,1,معلم محمداسلم,11
2958405,F,1,حبیبه  دانش,21
2958406,M,1,اسدالله  ولوالجی,13
2958407,M,1,مولوی محمد طیب  طارقی,69
2958408,M,1,مولانا  حسیب,40
2958409,M,1,محمد اسحق  فرجاد,52
2958410,F,1,داکتر حوریه قربانی عزیز ,59
2958411,M,1,دکتور محمد صابر  ادب,39
2958412,M,54,الحاج فضل احمد بورگت,19
2958413,M,1,عبدالواحد  خراسانی ,44
2958414,M,1,شفیق الله  رسولی,48
2958415,M,1,سید عبدالهادی  دبیر,26
2958416,F,1, مریم   کوفی,32
2958417,M,1,داکتر عبدالقادر  احدی ,2
2958418,M,1,,
2958419,M,1,میرزا عبدالرحیم,16
2958420,M,1,احسان الله سعادت ,71
2958421,M,1, محمد قائد افندی,68
2958422,M,1,مولوی عبدالعزیز   شجاع,42
2958423,M,1,محمداکبر  انوری,53
2958425,M,1,محمد داود تالقانی,75
2958426,M,1,الحاج قوماندان سید اقبال ,49
2958427,M,1,قاضی عبدالباقی   فطرت,80
2959902,M,1,استاد عزیزاحمدحنیف,10
2959903,M,1,عبدالحفیظ فخری,2
2959904,M,1,حاجی عبدالبصیر,3
2959905,F,1,فاطمه یاسر,5
2964827,M,2,بختو جان گربتی وردک,18
2965261,M,1,الحاج مولوی عبدالقهار حقانی,28
3008466,M,1,محمد موسی عالمی ترکمنی,468
3008777,M,1,حاجی رمضان حسین زاده,361
3008892,M,1,آمر صمد,581
3010721,M,1,محمد امین گوهری,191
3011924,F,1,مسعوده انصاری,512
3011960,F,1,فریده ترانه,625
3017493,M,1,انجنیر عباس نویان ,387
3046974,M,1,لطیف ژوندی,397
3064404,M,1,گل محمد گلزی ,21
3064405,M,2,خالد فاروقی ,18
3064406,M,1,,
3064407,M,1,حاجی عبدالقدیر ,20
3064408,F,1,ماه خوبان ,6
3064409,M,1,زکیم خان ,16
3064411,F,1,داکتر خدیجه ,8
3064412,F,1,گل اندامه دینا ,19
3064415,M,1,,
3064416,F,1,ثریا اکبری ,10
3086953,M,1,نادر خان سلیمان خیل ,4
3108159,M,1,حاجی محمد عمر خان,27
3119023,M,1,حاجی عبدالطیف هارونی ,10
3121280,M,1, الحاج عبدالستار مبارز ,83
3133145,M,1,حاجی عبدالسلام قاضی زاده ,84
3138519,F,1,فرشته  هاشمزاده ,20
3142644,M,1,حاجی محمد عارف گدام دار ,92
3151411,M,1,نجیب الله نبیل,12
3152923,M,1,محمداکبر نوری,33
3155664,M,88,عبدالصبور خدمت,34
3158719,M,1,شریف اله کامه وال ,645
3159466,M,1,غلام رسول علیزاده,66
3169528,M,54,بصیر خان ,72
3187393,M,1,حاجی مولوی غلام نبی کریمی  بلوچ,45
3190421,M,1, غلام محمد غبار,108
3228515,M,2,محمدعلی علی زاده,76
3241001,M,1,آقای بحر,20
3248044,M,1,الحاج دوکتور محمد غنی بهادری,1
3255455,M,1,انجنیر نورمحمد  صداقت,29
3266610,M,1,محمد خالد سلیمان خیل,422
3269129,M,1,حاجی ولی جان   صابری,10
3281126,M,1,حاجی غلام نقیب جامرادوال ,70
3305132,M,1,تورن صاحب عبدالخالق خان بالاکرزی,27
3338477,M,1,الحاج سید عبدالبصیر احمدی دهقان,1
3340708,F,1,لیلماه ولی حکمی ,107
3370931,M,1,الحاج قاضی شراب الدین بیدکی,81
3410638,M,1,تیمور شاه خان ,15
3411775,M,1,,
3416766,M,1,نعمت الله رکازی,30
3434892,M,1,عزت الله واصفی,36
3440409,M,1,ډاکټر عبدالرحمن اڅک,36
3440463,M,1,داکتر عبدالحق,274
3440614,M,1,الحاج عبدالواسع ترکمنی ,257
3441016,M,1,مشتاق کبیر,535
3441993,M,1,لیاقت علی امینی ,334
3443958,M,1,شمس اله جاوید ,239
3445024,M,1,دکتور صدرالدین فخری,63
3455588,M,1,حاجی خواص  حق یار ,210
3466235,M,1,آغا سعید سادات,574
3466501,M,1,,
3466503,M,1,احمد فرید راسخ,572
3466601,M,2,حاجی محمد امین پیروزی,459
3466602,M,1,روح الله  مراد ,335
3466603,M,1,پوهنمل رحیل فرملی,640
3466604,M,1,محمد ظاهر داور وردک,526
3466606,M,1,سید محمد باقر ناطقی,564
3466607,M,1,ایمل څمکنی,282
3466608,M,1,نصیر احمد محمودی ,289
3466609,M,1,محمد حسین جعفری ,312
3466611,M,1,ماستر غلام مصطفی  فیضی ,80
3466612,M,1,حاجی  عبدالمسعود ستاری ,71
3466613,M,1,,
3466614,M,13,انجنیر عبدالغفار  رسولی ,138
3466615,M,1,حمید شاه بابکرخیل,223
3466617,M,1,انجینر ذکریا ,429
3466618,M,30,شفائی,369
3466619,M,1,حاجی محمد نعیم,487
3466621,M,1,نور ولی یعقوبی,627
3466622,M,1,محمد ضیا یاری ,58
3466623,M,1,وکیل محمد هادی هانی,187
3466624,M,1,انجنیر چمن شاه احمدی ,486
3466626,M,1,نستوه  نادری,22
3466627,M,2,داکتر مرتضی کیوان بشرمل,177
3466629,M,1,مولوی محمد مختار مفلح,250
3466630,M,1,بریمل آرین پور,194
3466631,M,1,محمد یوسف امین ځاځی ,51
3466632,M,1,احمد ذکی مشهور به شاه آغا,504
3466633,M,1,جاوید دلاور ,649
3466634,M,1,سید نعیم ادریس کاشفی سنگلاخی,299
3466635,M,1,الحاج عبدالصمد هوتک,311
3466636,M,1,عصمت قانع ,321
3466637,M,1,ذبیح الله امانزاده,380
3466638,M,1,داود ملیار محی الدین ,12
3466639,M,1,داکتر عبدالستار ستانکزی ,646
3466640,M,1,محمد فرید کوهستانی ,619
3466641,M,1,حاجی جنت گل  حسین خیل ,27
3466642,M,1,داکتر سر فراز صافی ,400
3466643,M,1,احمد جاوید جیحون مشهور به لالا جاوید ,284
3466644,M,1,حاجی خانجان ,641
3466645,M,1,محمد ابراهیم بابه ,202
3466646,M,1,حاجی عبدالوحید ,610
3466647,M,1,عبدالصمد مشهور به شاه غاسی,72
3466648,M,1,محمد هارون اسدی ,48
3466649,M,1,مدیر محمد ظاهر مالستانی,207
3466650,M,1,الحاج محمد عثمان  نجیب ,62
3466651,M,1,عبدالهادی راشد,172
3466652,M,30,محمد امین حلیمی,393
3466653,M,1,مولانا هاشم,550
3466654,M,1,بکتاش سیاووش,126
3466655,M,1,محمد نواب طوطا خیل,98
3466656,M,1,عبدالوحید مجاهد,602
3466657,M,1,حاجی صابر  خان,75
3466658,M,1,انجینر زلمی فوتبالیست,451
3466659,M,1,سید یعقوب هوشمند فرارودی,659
3466662,M,1,استاد سید احمد سعید ,567
3466663,M,1,داکتر سید عبدالحبیب رحمانی,26
3466664,M,1,روح اله  یوسفی ,450
3466665,M,1,پوهندوی محمد حسن فروتن,121
3466666,M,1,سید عبدالکریم هاشمی,578
3466667,M,1,سدوزی بابه کرخیل,558
3466668,M,1,حاجی شوکت ستانکزی ,112
3466669,M,1,سید محمد عالم  هاشمی ,279
3466670,M,1,محمد سعید رحیمی,576
3466671,M,1,میر احمد نیازمند,150
3466672,M,1,محمود حنیف,409
3466673,M,1,محمد نصیر فیاض ,365
3466674,M,1,مزدور یار,173
3466675,M,1,سید عبید,505
3466676,M,1,جوانشیر حیدری ,530
3466677,M,1,سید عیسی حسینی مزاری,44
3466678,M,1,هادی پویان ,556
3466679,M,1,احمد سالنگی,164
3466680,M,1,استاد گل محمد ادبیار زرینگر,593
3466681,M,1,نبی هیکل ,77
3466683,M,1,دوکتور اصغرخیل منگل,68
3466686,M,1,محمد ابراهیم رسولی ,46
3466687,M,1,حاجی عبدالمعروف حاجی زاده,616
3466688,M,1,عبدالولی باز,135
3466689,M,1,عبدالروف زاهد,319
3466690,M,1,دکتور محمد واعظی,546
3466691,M,1,جنرال سید اسمعیل قبادی,433
3466692,M,1,بریالی بیات ,89
3466693,M,1,حکیم ,102
3466694,M,1,الحاج هدایت الله محمدی,381
3466695,M,1,علی مدد رضایی,579
3466696,M,1,عبدالضمیر کابلی,543
3466697,M,1,نور محمد سالک,38
3466698,M,1,حاجی داکتر محمد زمان بهلول,120
3466700,M,1,تراب خان حسین خیل ,116
3468034,M,1,حاجی اختر محمد شینواری,102
3488001,M,1,نجیب الله بشیر بغلانی,13
3489882,M,1,عبدالصمد استانکزی,62
3503446,M,1,حاجی محمد اکبر بارکزی,2
3517893,M,1,شاهمردانقل,40
3519804,M,1,محمد سمیع  عدیل,3
3528461,F,1,قمر نوری ,31
3539732,M,1,قاری نجیب الله ,68
3565695,M,1,,
3568940,M,1,عنایت الله حفیظ ,377
3569601,M,1,حاجی زلمی اسحاق زی,42
3580002,F,1,الهه نورزائی,151
3581302,M,1,عبدالغنی رحمانی وردک ,51
3581303,M,1,نثاراحمد  نادری ,86
3581304,M,1,مولوی لعل محمد  تیموری,149
3581305,M,1,الحاج دوکتور غلام احمد   دانش,26
3581307,M,1,عبدالله   ظریفی,123
3581308,F,2,سیمین بارکزی,146
3581309,M,1,,
3581310,M,1,حاجی محمد   مشفق,17
3581311,F,1,,
3581312,M,1,ملتان خان نورزی,1
3581313,F,1,حاجیه شمائیل عزیزی,135
3581314,M,1,,
3581316,M,1,,
3581317,F,1,شهناز همتی,107
3581318,F,1,استاد نجلا دهقان نژاد ,15
3581321,M,1,نذیر احمد  رها,77
3581323,M,1,الحاج انجینر منورشاه بهادری ,7
3581324,M,1,حجت الاسلام غلام سخی مصباح هراتی,85
3581325,M,1,داکتر عزیز احمد,142
3581326,F,1,عزیزه محاکی ,12
3581327,M,1,شمس الدین همایون   غرزی,144
3581328,M,1,داکتر ذبیح الله   عزام,111
3581329,M,1,وزیر احمد ارسلی ,74
3581330,M,1,حاجی حامد ,24
3581331,M,1,انجینیر حمید الله قیسانی ,106
3581332,M,1,محمد هارون فوشنجی ,40
3581333,M,1,احمد بهزاد,114
3581334,M,1,عبدالله مومنی ,139
3581335,M,1,انجنیر مجتبی صادقی,118
3581337,F,1,فوزیه گیلانی,96
3588395,M,1,جمعه نور,48
3596716,M,1,حاجی عبدالجلیل صمدی ,40
3601440,M,1,حاجی  فیض محمد موسی زی ,42
3602000,F,1,ریسه حسین خیل ,68
3604345,M,1,محمد موسی رحیمی,49
3612624,F,1,تورپیکۍ پتمن,178
3614289,M,1,حاجی یار محمد فاضل ,156
3616579,F,1,کبرا شیرزاد,589
3618900,M,1,محمد یعقوب  مشهور  به حاجی خان پادشاه,9
3624630,M,1,سید داود هاشمی,375
3625155,M,1,حسین حیدری,445
3625892,M,1,محمد داود نیک پی,61
3626273,M,1,محمد یوسف احمدزی,131
3630386,M,2,عبدالستار ستار یار ,16
3631023,M,1,طاهر زاهدی ,444
3646759,M,1,انجنیر محمد جان ایشان روحانی,655
3649279,M,1,آغا صاحب محمد داود مستغنی,410
3655524,M,1,انجنیر محمد داود  طغیان,517
3658859,M,1,داکتر محمد علی دوستدار,39
3659192,M,2,دگروال نیازی وال ,140
3659737,M,1,محمد عارف  نورستانی,93
3662042,M,1,محمد علی مشهور به حاجی الهام ,379
3662056,M,1,داکتر غلام حیدر جعفری,416
3662144,M,31,سلطانعلی پیمان,390
3664260,M,2,نبی خلیلی,340
3664359,M,1,مولانا محمد اسلم,571
3664401,M,1,احمد گل خان,23
3664602,M,1,سردار بریالی امیری,203
3664604,M,1,بشیر احمد بیژن ,583
3664605,M,1,محمد نعمان  شینواری,384
3664607,M,1,الحاج محقق خلیل الله عبقری حسان,218
3664608,M,1,دوکتور محمد ناصر محقق,524
3664609,M,1,څارنوال حسین بخشی,127
3664610,M,1,داکتر فرید خالد,57
3664611,M,1,عطأ الله ستانکزی ,559
3664612,M,1,فیض محمد ارغند,608
3664613,M,62,ببرک شیرزاد ,2
3664614,M,1,داکتر حشمت حسن رهگذر,133
3664615,M,1,فاروق داور,333
3664616,M,1,الحاج سمیع الله کریمی ,244
3664617,M,1,داکتر محمد ظاهر نجف زاده ,637
3664618,M,1,علی اصغر حکیمی,415
3664620,M,1,حاجی نور محمد ,92
3664621,M,1,غلام حسین  بیات ,479
3664622,M,1,شیخ عبدالباری مدنی,260
3664623,M,1,غلام ربانی ربانی ,123
3674563,M,1,الحاج محمدحسین هانی معروف به حاجی شیر,620
3674723,M,1,ماستر انجینر عبدالقدیر   صوفی زاده ,413
3677437,M,1,قاضی محبوب اله شفیق ,278
3680628,M,1,احمد فهیم نبی یار ,598
3683895,M,1,استاد حاجی عباس حسن زاده,267
3686364,M,1,الحاج فیض محمد روان,430
3690629,M,1,سید محمد علوی,151
3695297,M,1,,
3695988,M,1,حاجی احمد احسان دقیق,329
3697384,M,1,داکتر حفیظ الدین صافی,532
3698646,M,2,سید صوفی گردیزی,501
3699134,M,1,محمد جعفر رحیمی پسر حاجی قمبر طبیب ,243
3699568,M,31,حاجی محمد محقق,29
3699579,M,1,داکتر قیوم ,618
3701086,M,1,شفیق الله سلیم پویا,547
3702279,M,62,نورالحق علومی ,42
3708920,M,1, نظری  پریانی ,81
3709007,M,1,حاجی امین الله وجدان ,273
3715360,M,1,شرف الدین,80
3716745,M,1,محمد ابراهیم فدای شیخعلی,4
3729888,M,1,آقا ملنگ بورانی ,59
3730921,M,2,,
3731596,M,1,عبدالحکیم هاشمی,69
3743041,M,1,حاجی محمد شریف عظیم,23
3744751,M,1,الحاج نعمت الله عزیزی,150
3760384,M,1,حاجی محمد نسیم  توخی ,41
3766150,M,1,محمد جعفر کوهستانی ,230
3768441,M,1, جواد نیوش,208
3771573,F,1,استاد ماریا ,153
3772252,F,1,نفیسه سیلی وردک ,595
3773331,M,1,جنرال امر الله نظری ,617
3778674,M,1,مولوی محمد عزیز محمدی ,358
3788194,M,1,محمد رفیع ملکزی,141
3797590,M,1,سید قدیم  سادات ,310
3797749,M,1,الحاج انجنیر عبدالخلیل دولت زی,149
3801861,M,1,احمد ضیا ضیا,531
3806125,M,1,صفی الله سرجنگ,536
3828151,M,1,عبدالهادی واحدی,54
3861387,F,1,کامله سیفی,281
3861413,F,1,استاد ربابه پروانی درویش,103
3862326,M,1,عبدالرشید ,157
3862330,M,1,ولی محمد احمدی,580
3870663,M,1,الحاج داکتر الله داد   چاردیوال ,20
3871908,M,1,الحاج الله گل مجاهد,286
3881865,M,1,محمد فریدون قیامی ,14
3883298,M,1,الحاج داکتر سید رضا  الهام ,552
3893845,M,1,محب الله  خوشحال ,5
3899426,M,1,استاد حاجی محمد اکبر درمان,227
3901177,M,1,څارنوال محمد نبی مستور ,10
3904870,M,30,خادم حسین کریمی,108
3906633,M,1, علی رضا محمودی,613
3906930,M,1,انجنیر محمد شریف شهیم,33
3907226,M,1,محمد حسین  مومن زاده ,50
3907233,M,1,داکتر عبیدالله کلیمزی وردگ,376
3907544,M,1,الحاج زمرک پادخوابی,515
3915529,M,1,حاجی محمد ابراهیم  بیدار,16
3918666,M,1,پوهنیار عبدالغفور نیازی,12
3934081,M,1,معلم شیر اقا  سعیدی,14
3940413,M,1,الحاج جمال الدین صدیقی,24
3947743,M,1,شیرزاد    صافی,31
3947887,M,1,تورن عبدالغفار میرزاخیل,56
3953391,F,1,داکتر خیرنسا فریده,4
3956006,M,1,داکتر غلام حبیب,37
3956012,M,1,الحاج نظری ترکمن,56
3956033,F,1,داکتر حبیبه عرفان,23
3994436,M,1,غلام سخی     شاړی,51
3995353,M,1,صدیق منصور  انصارِي,118
3997757,F,1,نادره ولی ساجد ,157
4000316,M,1,داکتر محب الله نیازی,55
4001139,M,1,انجینر گل احمد,36
4043129,M,1,استاذ اول گل  ابوزاهد,128
4053351,M,2,عبدالمجید ,13
4059701,M,1,حاجی عبدالله مندوزی,50
4059702,F,31,سارا مزاری,39
4059703,F,1,گل مکی سیاووش,26
4059704,M,1,احمد نوید برات,17
4059705,M,1,گل رحمن همدرد,57
4059706,M,1, اسرار تاشقرغانی,6
4059707,F,2, استاد فاطمه جوادی,74
4059708,M,2,سناتور حاجی عبدالغنی,62
4059709,M,2,داکتر رحیم  گل ابراهیم خیل ,28
4059710,M,1,انجنیر محمد ابراهیم عمر ,14
4059711,M,2, عباس ابراهیم زاده,79
4059712,M,1,توریالی رزاقیار ,45
4059713,M,1,فضل احمد طغیان ,61
4059714,M,1,مولانا عبدالبصیر بهراوی ,2
4059715,M,1,الحاج مولوی گل احمد مزاری,73
4059718,M,1, مولانا عبدالاحد موحد,77
4059719,F,1,حمیرا اکاخیل ,34
4059720,M,1,سید جبار آغا,36
4059721,M,1,الحاج مولوی عبدالحمید هاشمی ,76
4059722,F,1,نظیفه میرزاد ,59
4059723,M,1,الحاج مولوی عبدالرحمن رحمانی ,4
4059724,M,1,محمد فهیم  جلال ,15
4059725,M,1,اسدالله شریفی,80
4059726,M,1,احمد شاه  رمضان,65
4059727,M,1,انجنیر غلام ربانی کارگر ,54
4059728,M,1,رئیس امان الله امین تورجانزاده,72
4059729,M,1, حمیدالله  ازبیک  سخی یار,48
4070527,F,1,داکتر روشنک وردک,24
4073004,M,1,محمد عارف ملک جان,33
4073020,M,1,نوشیروان  ادیب,31
4075232,M,1,انجینیر زړورخان مفکر ,123
4090522,F,1,زرغونه حسن,8
4092706,F,1,بی بی فاطمه هوفیانی,2
4100592,M,1,داکتر زلگی نظام,4
4119178,M,1,عبدالقدوس  قاطع ,78
4121601,M,54,نورالله عرضبیگی,50
4138006,M,1,ملا ملنگ,22
4140338,M,1,دین محمد نصراللهی,113
4140409,M,1,خلیل الرحمن عزیزی,20
4153017,M,2,ابوشریف ,32
4161101,F,1,روګل ځدران ,37
4176553,M,1,حضرت میر رښتیا ,34
4185378,M,1,میرزا عبدالغفور یعقوبی,11
4206518,M,1,حمید خان ممیز,183
4208235,F,1,انیس گل   امینی ,15
4218883,M,60,عبدالصمد گرزیوانی,56
4227533,M,1,حاجی قدرت الله سهاک,634
4227804,M,1,حاجی سید یونس,454
4236418,M,1, احمد فیاض قلندری,65
4239864,M,1,نجیب خان,33
4240876,M,1,عبدالودود,17
4268240,M,1,عزیز الله  سروری ,23
4283506,M,1,الحاج مولوی سردار ځدران ,11
4310955,M,1,محمد کریم ,18
4311692,M,1,محمد عظیم حیدری,48
4320095,M,1,   سید فضل مولا  لټون,53
4320501,M,1,غلام محی الدین سجستانی,9
4327166,F,1,نورزیه ,122
4327734,M,1,ډاکتر محبوب الله  شینواری ,113
4333065,M,1,مدیر افسر گل,40
4340863,M,1,انجینر عبدالغفار ,154
4341251,M,1,انجنیر عمراخان جبارخیل ,160
4341450,M,1,سید حکیم پاچا محمدی پاچا,22
4342784,M,2,مولوی ولی احمد بتشکن,29
4355062,M,1,سید حکیم   شاه ,114
4356034,F,54,زیب النسا ,25
4356450,F,1,طاهره حقجو ,8
4363325,M,1,عبدالحی رحیمی ,61
4374142,M,1, عبدالاحد,24
4375234,M,1,داکتر سید ناصر حسینی,12
4413528,M,1,مشتاق حسین علی زاده,42
4430005,M,1,گل احمد رضائی,59
4431356,M,54,محمد صادق کوهی,7
4436621,M,1,حاجی ملک محمد ذاخیل,26
4451071,M,1,حاجی محمد صالح ,37
4458596,M,1,حاجی ملا جان شینواری,131
4460721,M,1,ریس عبدالمقیم ,19
4463997,M,1,وکیل احسان الله  احسان ,87
4502648,M,1, داکتر محمد کاظم,37
4516002,F,1,صالحه مهرزاد,12
4529244,M,1,ملا  مسعود,35
4538042,M,1,,
4542710,M,1,حاجی محمد شاه اڅکزی,9
4546647,M,1,الحاج دگروال قمبر بیدار ,18
4554116,M,1,محمد عارف    عارفی ,11
4555119,M,1,حاجی امر الله,33
4556370,M,1,عبدالرحیم ایوبی,48
4590966,M,1,وکیل زیړګل سهاک ,353
4595811,M,1,سید محمد تقی موسوی,29
4599547,M,1,حاجی محمد مهدی یار ,24
4609036,F,1,سناتور خدیجه حسنی ,8
4612705,F,1,طاهره مجددی ,10
4615493,M,1,قاری عبدالمتین امین ,20
4628234,M,1,حسین رحمتی,494
4646087,M,1,انجنیر محمد علم خسروی,19
4656600,M,1,امیر خان  صبری ,26
4663597,M,2,میرویس رحیمی,545
4685858,M,1,څارنوال برات محمد عمر خیل,31
4704915,M,1,عزت الله  حلیمی,70
4705415,M,1,قاضی  سید محسن   بنوری,129
4714524,M,2,محمد فاروق ندیم ,56
4754128,M,1,عبدالحفیظ   منصور ,209
4755854,M,1,الحاج شاه محمود سپین زاده,11
4755926,M,1,محمد موسی  نوری ,341
4765960,M,1,اجمل سلطانی,46
4766105,M,2,پوهندوی عبدالمنیر نگاه,642
4767894,M,1,سردار محمد بارکزی,516
4774455,M,1,نادر خان  کټوازی  ,3
4780154,M,39,سید منصور نادری,38
4780662,M,1,داکتر جنت خان,294
4781836,M,54,فریدون الهام محمودی,200
4788501,M,1,سید محبت شاه کاشانی,42
4789609,M,1,ضابط خان خټک زوی ,52
4792074,M,1,محمد یونس قانونی,544
4792718,F,1,معصومه توسلی ,32
4798985,M,1,نور آغا محمودی,275
4806503,M,2,الحاج ګل قاسم   جهادیار,5
4813902,M,1,سید فاضل هاشمی ,148
4814212,M,1,عرفان الله عرفان,94
4820452,M,1,داکترعبدالاحمد زاهدی نی قلعه ,83
4832434,M,1,ملک امان الله بابکرخیل,568
4878581,F,1,شکریه عیسی خیل,17
4892130,M,1,داکتر محمد یحی ویاړ,280
4895021,M,1,عبدالله خان الهام,18
4896118,M,1,کفیل نظر محمد,609
4896524,M,1,سید فرهاد   اکبری,7
4896564,M,1,سید عصمت الله وجدانی,255
4935008,M,1,صالح محمد ریگستانی,306
4936072,M,1,سید خان آقا هاشمی ,421
4936817,M,1,همایون نظامی,97
4936965,M,2,داکتر سید علی کاظمی ,434
4956431,M,1,حاجی فدا محمود   میاخیل,147
4964919,M,1,استاد محمد انور سلطاني,31
4968179,M,1,علی اکبر قاسمی,14
4975661,M,1,حاجی علی محمد,36
4976873,M,1,وجیه الرحمن شینواری,44
4982515,M,1,محمد ناصر احمد زی,98
4996273,M,1,داکتر مجیب الرحمن   لقمانی ,8
5006717,M,1,ضابط امین جان  مجاهد  ,47
5006729,M,1,الحاج انجینر بادشاه سبحان ,44
5006779,M,1,الحاج قدعلم   میاخیل ,10
5006794,M,1,محمد یوسف شاه ,22
5012201,F,1,تورپیکئ سلیمان خیل ,16
5029089,M,1,حاجی محمد امین  واحدیار,50
5044418,M,1,حاجی محمد موسم,21
5061101,M,1,خالد خان,11
5061102,M,1,حاجی رحیم داد,3
5061103,M,2,پوهنوال شیر گل آوستا,7
5061105,M,1,انجینیر آشنا ګل بانډه وال,23
5061106,M,1,عبدالهادی خلیل زی,4
5061107,M,1,داکتر نذیر الله محبت,21
5061108,M,1,سید ولی حسنی,10
5061109,M,80,انجینیر شیر علی خان,25
5080952,M,1,الحاج داکتر محمد اجان منګل,12
5081160,M,1,دیپلوم انجینر مؤمن اکبری ,14
5087446,M,1,محمد نسیم قاسمی ,44
5088304,M,1,حاجی تاج محمدموسی,21
5098316,M,1,انجنیر دوست محمد ,6
5101356,M,1,حاجی ملا شاه محمد ,7
5101384,M,1,علم ګل خروټی ,9
5109113,M,1,,
5111976,M,2,ډاکتر محمد عارف ,35
5112714,M,1,محمد زمان,42
5124398,M,1,میر غلام جیلانی  آغا ,533
5125270,M,1,سید کریم آغا,226
5138505,M,1,مولوی بابه جان سیغانی,206
5139344,M,1,حاجی حبیب اله  احمدزی,493
5139623,M,1,حاجی محمد اشرف جبار خیل ,346
5139791,M,1,الحاج محمد زبیر,12
5140018,M,1,,
5167776,M,1,حاجی محمد اسلم شیوا,447
5167923,M,1,محمد  ابراهیم قاسمی ,13
5169802,M,1,الحاج  نواب  منګل,26
5169805,M,1,سردار خان  ځدراڼ,35
5169806,M,1,نور محمد حکمت ,9
5169807,F,1,شریفه زرمتی ,33
5169808,M,1,حاجی امان الله زرمتی,13
5169809,M,1,محمد ظاهر  پکتیاوال,46
5169810,M,1,الحاج داکتر محمد شریف,43
5169811,M,1,کفتان  اخلاص,45
5169812,M,1,عبدالله مجاهد,31
5169813,M,1,انجینر شیر ګل پکتیاوال,4
5169815,M,1,الحاج ډاکټر ګل محمد الدین  محمدی,3
5169816,M,1,نجیب الله فطرت,32
5169817,M,1, محمد ابراهیم  غښتلی,51
5169818,M,1,باز محمد  مجروم زی,42
5169819,F,1,راضیه  سعادت  منګل,23
5169820,M,1,‌ډاکتر  سخی جان  منګل,14
5169821,F,1,حلیمه پکتیانی,58
5169822,M,11,صوفی حبیب خان,40
5169824,M,1,ډاکټر معین ګل ,27
5169825,M,1,نور احمد رشتیاوال ,20
5169826,M,1,عمر ګل مقبل,19
5169827,M,1,عبدالغفور روان ,1
5174098,F,31,داکتر زهرا کریمی ترکمنی,155
5180712,M,1,حاجی محمد حارث خان خروټی,292
5182759,M,1,دوست محمد عمری ,522
5185483,M,1,محمد ابراهیم عزتی ,596
5188309,M,1,الحاج عبدالمعروف  ضیا ,470
5190001,M,1,ولسوال بریالی,456
5193077,M,1,سید ابراهیم عماد,110
5199601,F,1,,
5201810,M,1,محمد عمر شیرزاد,34
5211732,M,1,مرزا خان  منګل ,15
5213691,F,1,فرشته افغان ,38
5221150,M,1,محمد ابراهیم فروزش,129
5221361,M,1,حاجی مولوی گل احمد ,116
5221451,M,1,سید عباس رستمی ,37
5221489,M,1,حاجی محمود خان علیزائی,113
5222104,M,1,,
5222195,M,1,دینه ګل  غریبمل,17
5224104,M,1,ارباب عیسی خان زمانزئی,38
5224115,M,1,حاجی محمد انور یاوری,2
5224161,M,1,الحاج محمدعثمان احمدی,21
5224190,F,1,زبیده فراهی ,31
5224386,M,1,حبیب الله حبیب,124
5224426,M,1,دگروال امین الله اطرافی ,14
5230240,M,1,استاد میرویس ایوبی,64
5233980,M,1,عزیز احمد پهلوان,35
5236132,M,1,غلام محبوب تلاش ,98
5245021,F,1,مسعوده کرخی ,65
5245034,F,1,داکتر سعادت فتاحی ,34
5245202,F,1,طاهره عمر,61
5249245,M,1,حاجی خوانی احمدزئ,10
5272368,M,1,الحاج زاهد الله   زاهد  ,13
5273847,M,1,ډاکتر ذکریا مطمین,30
5276242,M,1,محمد واسع ,115
5279029,M,1,احمد شاه  قره باغی ,537
5279269,M,1,داکتر محمد سعید نیازی,88
5280150,M,1,محمد نا صر  خالقیار,11
5285902,M,1,دولت خان اند ړ,623
5301671,F,1,زرغونه بخشی ,154
5302437,M,1,حاجی محمد ابراهیم,21
5305083,F,1,قیدا عفیف   توأین ,131
5306212,F,1,ناهید احمدی فرید  ,138
5308404,M,1,سید محمد جوالی,295
5322219,M,1,شبیر احمد,46
5323091,M,1,حاجی محمد مخی بای,44
5349817,F,1,مغفرت صمیمی,10
5350896,M,1,خانگل محمدی ,115
5397766,M,1,سید جمال الدین شهیم,72
5398266,M,1,حاجی عبدالخالق مجاهد ,7
5401961,M,1,الحاج عبدالخالق کندهاری ,4
5414114,M,1,حسن رضا یوسفی,71
5423398,M,1,روح الله سخی زاد,33
5433013,F,1,زاهده کوهستانی ,34
5434514,M,1,محمد احسان یوسفزی ,485
5437220,M,1,استاد محمد علم کوهستانی  ,30
5442288,M,2,حاجی محمد موسی هوتک,10
5447870,M,1,,
5454503,M,1,عبدالستاردرزابی,13
5454507,M,1,حاجی عبدالوهاب,42
5454511,M,1,محمد ارشاد بای,40
5454513,M,1,حاجی محمد اسمعیل,38
5454515,M,1,الحاج رحمت الله صافی,30
5463006,M,1,اسدالله مخلص,30
5463027,M,1,محمد رضا دانش,13
5463029,M,1,استاد نورشاه شهکار,1
5476090,M,1,سید عارف اولیائی,21
5485531,M,1,غلام سخی مصرف,55
5486154,F,39,فرخنده زهرا نادری,37
5490141,M,1,پرتپال سنگه پال,590
5507514,F,1,جنرال نظیفه  ذکی ,624
5507599,F,1,ملکه سعادت,21
5508242,M,1, جاوید عمری ,90
5510550,M,1,الحاج محمد باقر شیخ زاده,650
5516772,M,1,انجینر محمد سلیم قیوم,328
5517199,M,1,سید محمد امین عارف,32
5527005,F,1,زرمینه پټان ,10
5541300,M,1,داکتر خواجه عبدالخالق صدیقی,591
5551880,M,1,محمد یاسین حبیب,134
5552182,M,1,محمد ګل   ځدران  ,5
5552641,M,1,محمد یاسین  صافی,19
5554002,F,1,صدیقه جلالي ,4
5569480,F,1,تورپیکی ضیا ,251
5570801,M,1,استاد فیاض جاغوری,52
5570894,M,80,استاد صالح محمد مشهور به حاجی قندهاری,355
5591439,M,1,حاجی عبدالرحمن مولوی زاده ,39
5591593,M,1,حاجی احمد داود   حیدری ,21
5592310,M,1,الحاج سید عثمان کلالی ,8
5594875,M,1,نجیب احمد جمشیدی ,80
5595732,M,1,پوهنیار دکتور محمد عمر صمیم ,60
5595860,M,1,حاجی شیرین خان ,56
5601243,M,1,استاد محمد جاوید جوشان,52
5602609,M,1,ډاکتر مجیب الرحمن څمکنی,18
5604487,M,1,الحاج ګل بادشاه مجیدی,57
5604738,M,1,قاضی غلام نبی ,8
5605023,M,1,حاجی عبدالستار داوری,46
5611016,M,1,سید  الرحمن احمدزی,28
5611202,M,1,محمد جمال باجوری,76
5612233,M,1,,
5613959,M,1,الحاج نور الرحمن  جاذب,16
5666231,M,1,نیاز محمد   احمدزی,29
5674315,M,1,حاجی همراه توردی ,63
5680060,M,1,حاجی محمد عمر سخاوت,7
5683309,M,1,احمدولی اڅکزی ,46
5684455,M,1,حاجی ولی شاه ,39
5684482,M,1,حاجی محمد عمر ننگیالی ,14
5689249,M,1,شاه ولی خان    زمین داوری,2
5689315,M,1,حاجی عبدالحمید ,23
5689360,M,1,خالد پښتون,1
5698165,M,1,حاجی محمود خاکریزوال,17
5699180,M,1,حاجی محمد بړیڅی,2
5699184,M,1,حاجی احمد طارق  ,18
5701990,F,1,رنګینه  ,32
5704725,F,30,داکتر راحله کویر,338
5707584,M,1,الحاج عبدالاکبر یوسفزی,495
5710160,M,1,داکتر محمد نسیم سها,49
5712251,M,1,میر ارحم ,48
5714443,F,1,معصومه محمدی,175
5732240,M,1,احمد تمیم رهیاب ,41
5733477,F,1,زبیده ,24
5733608,M,1,میراحمد,43
5742951,M,1,,
5749640,F,1,فوزیه  سادات څمکنی ,248
5750749,M,1,عبدالقادر ,163
5751047,M,1,سید اسماعیل سخنورزاده,342
5755111,M,61,حاجی محمد داود کلکانی ,461
5758184,M,1,غلام رسول امینی ,23
5763334,M,1,سید عبدالمقدم امین,323
5765301,M,1,راز الدین  ,469
5765302,M,1,خوانی امیری فارغ تحصیل از پوهنځی حقوق ,296
5765303,F,1,مینا خاشعی,106
5765305,M,1,عوض خان درگی,241
5765306,M,1,میر زمان همایون سادات,113
5765307,M,1,الحاج انجینیر محمد حنیف,236
5765308,M,1,محمد ابراهیم بری ,345
5765309,M,1,بخت محمد ځدران ,496
5765310,M,1,اخگر شمس ,238
5765311,M,2,حاجی نجیب الله کابلی,247
5765314,M,1,داکتر محمد جواد احمدی,587
5765315,M,1,غلام رضا عباس براتی,599
5765319,M,1,صوفی عبدالرزاق,418
5765320,M,1,احمد فرید محرابی ,228
5765321,M,1,الحاج محمد حسن حسام ,64
5765324,M,1,احمد شکیب حیدری,109
5765327,M,2,صفی الله ,364
5765328,M,1,اجمل گلاب,231
5765329,M,1,صوفی محمد شریف مجاهد,480
5765330,M,1,سردار محمد علی احمد زاده,82
5765331,F,1,هما محمدی ,502
5765332,M,1,احمد شاهپور احمدی,167
5765333,M,31,استاد محمد قاسم وحیدی,288
5765335,M,1,محمد باقر رضایی ,636
5765336,M,1,ضیاالحق تره خیل,426
5765339,M,1,احمد حیدر حیدر,211
5765340,M,1,حاجی ضیأالحق,76
5765345,M,1,محمد طاهر شعیب,249
5765348,M,1, انجنیر عبدالله کندهاری منجم افغانستان,314
5765349,M,1,محمد یوسف  نورستانی ,215
5765350,M,1,محمد ایوب قاسمی,174
5765351,M,1,رحمت الله سلیمانخیل,626
5765353,M,1,داکتر فضل الله مجددی,462
5765354,M,1,جان گل کارگر,125
5765355,M,1,قاری یار محمد میهن پرست,265
5765356,M,2,سید حسین انوری,366
5765357,M,1,عبدالرضا رضائی ,354
5765358,M,1,انجینر ضیا احمد نوری,11
5765359,M,1,قسمت خان,233
5765360,M,1,محمد هارون میر,394
5765361,M,1,حاجی احسان صاحب زاده,644
5765362,M,1,عبدالکریم بیکران,142
5765364,M,1,عزیزاله  عزیز,582
5765365,M,1,حاجی محمد داود  صافی ,561
5765366,M,1,قدم علی خادم ,192
5765367,M,1,انجینر عبدالوکیل   سعادت ,221
5765368,M,1,عبدالقسیم  سنجنی ,600
5765369,M,1,نظر محمد پوپل,367
5765370,M,1,سید روف روف,621
5765371,M,1,څارنوال محمد شاکر بریال,53
5765372,M,1,محمد سنگین توکلزی,105
5765373,M,1,یوسف علی ذکی,553
5765374,M,1,عصمت الله  ایثار ,347
5765375,M,1,,
5765376,M,1,عبدالمبین   واحدی ,252
5765377,M,1,الحاج جنت خان فهیم چکری,603
5765378,M,1,محمد داود  امان حیدری ,152
5765379,M,1,انجنیر طغیان  بخشی,84
5765380,M,1,محمد زبیر  داود زی,639
5765381,M,1,داکتر الماس باور زاخیلوال,336
5765382,M,1,الحاج خواجه غلام جیلانی شبل ,467
5765383,M,1,حاجی شیرین آغا رحمانی,47
5765384,M,1,جانان موسی زی,538
5765385,M,1,انجنیر نعمت اله,3
5765386,M,1,یعقوب شاه آرین پور,199
5765387,M,1,انجنیر محمد افضل احمدزی ,1
5765388,M,1,الحاج حبیب الله امرخیل جانبدار,259
5765389,M,1,محمد ابراهیم  کریمی ,368
5765390,M,1,دوکتور شفیق اله فیضی ,99
5765391,M,1,حامد الله ادیب فایز,351
5765392,M,1,حاجی محمد همایون ,472
5765393,M,1,داکتر عبدالخلیل  عباسی ,205
5765396,M,1,سید شریف  هاشمی ,301
5765397,M,1,الحاج سردار محمد واقعبین ,45
5765399,M,1,الحاج فضل احمد ثابت ,269
5765400,M,1,نورالله عمرخیل,31
5765401,F,1,وکیل فاطمه نظری,308
5765402,F,1,گیسو محمدی صافی ,488
5765403,F,1,هیرما الکوزی ,604
5765405,F,1,انجینر راضیه نعیمی,405
5765406,F,1,شهلا میهن دوست,70
5765407,F,1,نسرین یوسفزی ,428
5765408,F,1,رونا ایوبی,396
5765409,F,1,نجلا  انجیلا ,509
5765411,F,1,ناهید  نوری ,307
5765413,F,1,رڼا نورستانی ,114
5765414,F,1,داکتر شهلا رشید ,500
5765415,F,1,بی بی حاجی ظریفه حساس ناصری,95
5765416,F,1,شهلا رحیمی,161
5765417,F,1,شکریه بارکزی ,658
5765419,F,1,معصومه  نظری ,563
5765422,F,1,نادیه  رسولی ,20
5765423,F,1,ملالی اسحاق زی ,635
5765424,F,1,نجما عمر علومی ,475
5765425,F,1,داکتر رئیسه صدیقی ,170
5765428,F,1,رفایه زهرا ,326
5765429,F,1,گل شیرین بیگ,391
5765430,F,1,نوریه بابکرخیل,565
5765431,F,1,انیسه عزیزی,612
5765432,F,1,صنم تمکین  غیرت ,570
5765433,F,2,ذاکره جعفری ,507
5765435,F,1,حمیده عثمان,317
5765436,F,1,ماستر زهره شفیعی حسیب ,510
5765438,F,1,نذیره ضیائی ,181
5765439,F,1,شیما  سکندری,5
5767605,M,1,,
5768602,M,1,عطاالله جان حبیب,11
5768603,F,1,فریبا احمدی کاکړ,43
5768604,F,1,رقیه اڅکزۍ,24
5768606,F,1,فهیمه کاکړ ,15
5768607,M,1,نجیب الله اڅکزی,22
5768608,M,1,حاجی ابراهیم مسلم ,50
5768609,M,1,پوهاند حاجی ملا عباس,40
5768610,M,1,حاجی خان محمد مجاهد,20
5768611,M,1,احمد جان نظری,3
5768612,F,1,رڼا ترین ,31
5768613,M,1,,
5780036,F,1,داکتر شا پیری صافی  نظری ,3
5786501,M,1,الحاج کمال الدین    مودودی ,9
5786900,M,1,محمد زمان عظیمی ,14
5786940,M,1,داکتر محمد ابراهیم   ملکزاده ,36
5789505,M,1,حاجی عبدالهادی کاشف,30
5789914,M,1,حاجی عبدالواحد,7
5791505,F,1,کشور شایق سروری,27
5794601,F,1,شازیه کوهستانی,14
5794602,F,1,,
5794604,M,1,,
5794605,M,1,عبدالهادی صافی ,12
5794606,M,1,الحاج خواجه پادشاه  صدیقی,17
5794607,M,1,عبدالوهاب  اسکین وال,5
5794608,F,1,مارینا  امین کوهستانی,28
5794609,M,1,الحاج میرداد خان  نجرابی ,9
5794610,M,1,غلام درویش سنجنی ,1
5794611,M,1,سید فضل الحق فایز,22
5794614,M,1,حمیدالله حاتم,21
5794615,F,1,مسعوده  غفاری,26
5794616,M,1,انجنیرمحمد آقا آخند زاده,37
5794702,M,1,حاجی عبیدالله   بارکزي ,12
5794704,M,1,محمد هاشم وطنوال,1
5794705,F,1,ریحانه آزاد,8
5794707,F,1,ملکه بارکزی ,3
5794748,F,1,فرشته   سمیع وفا  ,14
5794901,M,1,مولانا عبدالقادر امامی,85
5794902,M,2,میرویس خان توخی ,8
5794903,F,1,فوزیه روفی,77
5794904,M,1,انجنیر محمد ایوب غفاری,66
5794906,M,1,خلیل الرحمن,51
5794908,M,1,ابوالکلام آزاد,40
5794909,M,1,الحاج فیض الله محمدی,14
5794910,M,1,خال نظر ,90
5794911,M,60,حاجی عبدالحکیم شیرزاد,72
5794912,M,1,حاجی عابد نظر,21
5794913,M,1,استاد عبدالرحیم معصومی ,25
5794914,M,54,محمد سمیع ,62
5794915,M,1,جاوید خان,10
5794916,M,2,عبدالمقیم طاهری,34
5794917,M,1,الحاج عبدالکریم ارشد,60
5794918,M,1,یما کمال سنمس,73
5794919,F,1,آصفه شاداب,9
5794922,M,1, عبدالقادر رهین کاکر,45
5794923,M,1,عبدالمنان ,3
5794924,M,54,نجیب الله سلیمی,89
5795001,M,30,محمد جواد اصغری,14
5795002,M,1,سید یوسف مبارز,17
5795003,M,1,محمد کاظم حسنی بامیک,34
5795004,M,1,عبدالمنعم نجفی مجاهد زاده,37
5795005,M,1,مولوی کمال الدین حامد,21
5795006,M,2,محمد طاهر محمدی,24
5795008,M,1,جعفر رسولی,5
5795009,M,1,حاج علی داد الهامی,25
5795010,M,1,خدا داد بیانی,38
5795011,M,9,سید ظریف رحمانی,10
5795012,M,1,محمد سرور جوادی,33
5795013,M,30,احمد اُمید ,22
5795014,F,1,لطیفه ناصری,42
5795015,M,1,جنرال محمد عوض ایثار,36
5795016,M,1,شیخ حسن جان احمدی,16
5795017,M,1,حسینی مدنی,40
5795201,F,1,لیزأ غوثی,10
5795202,F,1,حواعلم نورستانی,9
5795203,F,1, داکټر پروین نورستانی,6
5795204,M,1,محمد تمیم نورستانی,20
5795205,M,1,الحاج محمداسماعیل نورستانی,8
5795206,F,1,محبوبه سراج,7
5795207,F,1,داکتر زلیخا,18
5795209,M,1,داکتر محمدالدین سجاد,3
5795210,M,1,منور  نظامی,14
5795211,F,1,داکتر ریتاعلی,5
5795212,M,1,مولوی احمد الله موحد,13
5795213,M,1,قاری جمال الدین مرابط,15
5795580,M,1,حاجی مامور موسی,16
5796905,M,1,داکتر سید صدرالدین مخدوم ,15
5798503,F,1,فریده حمیدی,11
5798504,M,1,انجینر نور علی سیدی,2
5798702,M,1,مرزا قمرالدین شاهرخی ,5
5798703,M,54,رئیس خیرالله,37
5798704,M,1,,
5798706,M,1,عبدالمومن طلوع ,9
5798707,M,54,حاجی محمدی بای شاروال,33
5798708,M,1,عبدالقادر مصباح,23
5798709,M,1,احمد شعیب حبیبی,26
5798710,M,1,سلطان علی سلطانی ,27
5798711,M,1,الحاج مخدوم محیب الله  فرقانی ,30
5798712,M,1,مخدوم قاری سراج الدین مجاهد ,1
5798714,F,1,ضیأگل نصری,18
5798715,M,30,محمد طاهر  زهیر ,10
5798718,M,54,فیروز خان  مبارز,6
5798719,M,1,آقا محمد ظریف ,17
5798720,M,1,عبدالهادی شکیب,14
5798721,M,54,محمد ظاهر موفق,35
5798722,F,1,داکتر معصومه   خاوری,32
5798801,M,1, راز محمد صمیمی,18
5798802,M,1,حاجی عبدالصبور صابری,50
5798803,F,1,حبیبه سادات,32
5798805,F,1,لیلا   بارکزۍ,47
5798806,M,1,حاجی عبدالحی ,27
5798807,F,1,فاطمه ,36
5798808,M,1,الحاج محمد انور اسحق زی,11
5798809,M,1,عبدالجبار,16
5798810,M,1,حاجی محمد صادق اریوبی,15
5798811,M,1,محمد رسول ,33
5798812,M,1,نور احمد ناصری,53
5798902,M,1,حاجی محبوب خان ګرمسیری,8
5799000,M,1,,
5809042,M,1,داکتر خوشحال قریشی,144
5845382,M,1, داکتر عبدالکریم روشن,15
5853870,M,2, سید هاشم  فولاد,25
5856138,M,1,استاد سید ملا خان   رحیمزی,125
5862785,M,1,امرالله صالح,7
5866383,M,2,عبدالرحمن شمس ,69
5884076,M,1,الحاج خطیب شمس الدین,8
5891153,F,1, مومنه   سلطانی,31
5896676,M,1,عبدالمالک ملکزی,155
5897725,M,1,فدا محمد مل,11
5903071,M,1,وکیل محمد انور محمود زاده ,388
5905018,M,1,حاجی عزیز الرحمن مومند ,78
5908565,M,1,غلام حیدر خان علی یار,41
5913487,M,1,وکیل عبدالاحد خان,29
5917527,M,1,احمد علی راشد ,204
5947103,M,1,,
5955600,M,1,محمد بشیر ناصح  مشهور به انجنیر سردار,511
5971319,M,1,وکیل احمد حسین اختیار,110
5976887,M,1,وکیل غلام رضا احمدی ,122
5993026,M,1,محمد داود بیانی ,411
6004888,M,1,محمد داود ,107
6018039,M,1, ماستر سپورت استاد  خواجه فرید صدیقی ,25
6020244,M,1,حاجی گل نظیم فرمان بهزاد ,179
6020518,M,1,الحاج څارنیال محمدسرورعثمانی فراهی,3
6032059,M,1,محمد صادق  نوابی ,446
6032927,M,1,رجب علی محتشمی ,352
6040720,M,1,کامدار هوتک ,158
6043787,M,1,قیس حسن,189
6053758,M,1,داکتر محمد اکرم خپلواک ,4
6064190,F,2,حاجی مریم,29
6070205,M,1,عبدالقیوم  غفوری,33
6105005,M,1,,
6122096,M,1,حاجی شاه محمود میر,37
6124100,M,1,شمس الله صحرائی,42
6129827,M,1,محمد نعیم لالی حمیدزی ,13
6132861,M,1,رمضان جمعه زاده ,30
6139053,M,95,حاجی محمد امیر بازل,219
6149939,M,1, داکتر امین  علیزی,363
6170530,M,1,انجنیر محمد اسمعیل,39
6176526,M,31,داکتر جعفر مهدوی,222
6177262,M,1,شیخ نعمت الله   غفاری,41
6178406,M,1,ملاغلام محمد اناردرگی,5
6188218,M,1,اسد خان مشهور به آمر اسد خان ,614
6188777,M,1,محمد ابراهیم ظریف,146
6189005,M,1,مولوی حبیب الله حسام,629
6189298,M,1,انجنیر ولی محمد اکسیر,48
6190024,M,1,خدا نظر سرمچار,8
6191359,M,1,احمد سعید ی ,477
6194119,F,1,ملالی جهیش,27
6196639,M,1,زمری   مشکوانی ,19
6197728,M,1,عبدالله عزیزی,10
6197931,M,60,محمد نعیم   معلم زاده,17
6199147,M,1,محمد یعقوب  شمس,33
6199420,M,1,الحاج قاضی عبدالرحیم,25
6201026,M,1,سید عبدالکریم  نصرت ,35
6212201,F,1,داکتر مونسه شیر زاده حسن ,577
6217415,M,1,انجینر محمد داود امیری وردگ,419
6219312,M,1,الحاج محمد شریف نشاط,440
6221882,M,1,الحاج اختر محمد طاهری,16
6230730,M,1,حاجی قدرت الله رحیمی  ,2
6251852,M,1,انجنیر احمد شاه خسروی ,414
6286551,M,1,حاجی محمد اجمل عمر ,150
6294245,M,1,حاجی  غلام فاروق نظری ,103
6301796,M,1,عبیدالله عبدالرحیم زی ,9
6308071,F,1,شریفه شهاب ,18
6344079,M,1,حاجی محمد ابراهیم کشکی ,133
6350173,M,1,,
6350326,M,1,حاجی ولی ځاځی,16
6350606,M,2,انجنیر فرید احمد متقی,302
6350779,M,1,احمد پرویز فیضی ,313
6350934,M,1,عبدالحمید اسلامپور ,139
6358601,M,1,پروفیسور دوکتور غلام فاروق نجرابی ,91
6358634,M,1,رحمت الله شریف زاده ,331
6359345,M,1,محمد هاشم  کریمی ,327
6359945,M,1,حاجی نعمت الله,262
6359966,M,1,انجنیر محمد فاضل وطن دوست ,309
6359969,M,1,روف سر خوش ,437
6367327,F,1,سید بی بی مؤحد,4
6369320,M,1,احمد بشیر ارشاد,20
6369331,M,1,حاجی عبدالحکیم   عبدالرحیم زی ,483
6370396,F,1,ملالی شینواری ,266
6370454,F,1,رقیه شیرزاد  صدیقی ,648
6370858,F,1,استاد عالیه حسنیار,245
6370916,F,1,شهلا عطا,330
6370973,F,1,کبری مصطفوی,651
6371180,F,1,داکتر فروزان فنا,551
6371192,F,1,سونا سحر ,242
6371308,F,1,,
6371362,F,1,ملیحه نوریان,360
6371628,F,1,داکتر شکریه سیرت  ولی زاده ,448
6374351,M,1,نورآغا سهاک,193
6413008,M,1,امیر جان دولتزی,108
6413016,M,2,داکتر فاروق میړنی,88
6413037,M,1, استاد عبدالناصر شفیق,149
6413063,M,1,ډاکټر اخند زاده ننګ کاموی ,76
6413066,M,1,څارنپوه مولانا جلال الدین شینواری,6
6414770,M,1,حاجی محمد آصف مهدی یار,6
6420337,M,1,حاجی عبدالحکیم  ودان,40
6433992,M,1,الحاج عزت اله عاطف ,293
6450083,M,1,رحیم الدین سپین غر ,607
6456146,F,1,سعیده میرزاد ,51
6462669,M,1,کاظم یزدانی,601
6465385,F,1,توریالی میرزاده,19
6470374,M,1,رجب علی حسینی الله داد,40
6470481,M,1,الحاج پوهندوی بهادر شریفی,398
6474507,M,2,اجمل سهیل,47
6475120,M,1,صبور شمس ,186
6479354,M,1,خیال محمد  احمدزی,21
6483661,M,1,صدر,441
6490826,M,1,پوهاند میرداد,332
6492372,F,1,استاد نیماصورتگر,263
6494335,M,1,عزت الله نصرتیار ,254
6495805,M,1,سید بلال  احمد  فاطمی ,124
6495987,M,6, جمیل کرزی    ,386
6496945,F,1,شکیبا هاشمی,30
6498571,M,1,حاجی محمد اسحاق,49
6503124,M,1,الحاج ولی محمد گلبهاری,557
6512071,M,1,قاضی عبدالمجید احراری,14
6512315,M,1,شاه محمود  پیوستون,22
6531853,M,54,عبدالجبار عثمانی ,34
6535546,M,1,تورسون سانسیزی,2
6546242,M,1,محمد ایوب  موفق,45
6550802,M,54,سید نور الله سادات,35
6550803,M,1,عبدالسلام سلجوقی,11
6550804,F,1,سایره شکیب سادات,26
6550805,M,54,داکتر عنایت الله بابر فرهمند,12
6550806,M,1,بازمحمد  جوزجانی,24
6550807,M,1,محمد اکرام  یاور,16
6550808,M,54,مولوی محمد شریف,32
6550809,M,1,حاجی میرزا,43
6550810,M,1,غلام نبی,5
6550815,M,1, حامد  عزیزی,29
6550816,M,1,محمد اسماعیل,7
6550817,M,1,مولوی نعمت الله,47
6550818,M,1,انجنیر توریالی ایثار,36
6550820,M,1,داکتر کوثر بابری ,8
6550821,M,1,حاجی نورالله  فدوئی,3
6554733,M,54,حاجی یولبرس عطائی,28
6572741,M,1,دکتر عبدالرحیم سردار,90
6586114,M,1,سخی جان ,15
6598180,M,1,محسن جان آغا ,44
6606503,F,1,زهره چوپان,117
6606506,F,1,جمیله غوربندی,101
6607211,M,1,حاجی عبدالسلام الکوزی,3
6613836,M,1,  دپلوم  انجینر  دلاور  طوطاخیل ,41
6628290,M,54,انجنیر عبدالقادر دوستم,18
6633937,M,1,الحاج مجیب الرحمن سالم زوی    ځدران ,49
6666831,M,1,جنرال خواجه صلاح الدین  صدیقی ,129
6693319,F,1,فاطمه مشتاق سید,66
6710001,M,1,دهزاد,18
6714475,M,1,جلال الدین جلال,78
6714523,M,1,لعل محمد جویا,1
6734501,M,1,انجنیر محمد اقبال صافی ,20
6780147,M,1,الحاج  عبدالصبور هاشمی ,28
6789504,M,1,,
6789505,F,1,,
6799155,M,1,الحاج مولوی اسد الله جمالی,79
6804225,M,1,عبدالله چوپان,61
6808811,M,1,فدا محمد ډګروال ,3
6810502,M,1,اختر جان خپلواک منګل ,2
6810735,M,1,عمر ,27
6821181,M,54,بشیر احمد  ته ینج,4
6821293,M,2,محمد مسعود پوپل,12
6831775,M,54,داکتر نقیب الله فایق ,12
6831936,M,1,محمد موسی قادری,17
6832145,M,1,سید آصف پارسا,38
6833317,M,54,,
6833318,M,1,نصر الله رحمانی,42
6859861,M,1,محمد صبور فرملی ,18
6866696,M,1,حاجی شیر محمد عرب,39
6872996,M,1,عبدالله میرزاد,404
6909234,M,1,حاجی نور محمد ,30
6913001,M,1,,
6917001,M,1,محمدواصل,6
6918836,M,1,حاجی احمد فرید,29
6919196,M,1,عین الله جلیلی,12
6943256,M,1, محمدداود نائیل,10
6946685,M,1,حاجی عزت الله عزیزی نورزی,8
6958001,M,1,حاجی عبدالعزیز  اڅکزی,14
6959871,M,1,حاجی دستگیر,25
6964160,M,1,داکتر عبدالباقی ژوبل,6
6970420,M,1,عبدالغفاروطندار,17
6984201,M,1,شیر خان,105
6984204,M,1,نعمت الله سرحدی,28
6984205,M,1,سید نجیب الله احمدی,52
6984206,M,1,گل عالم وحدت یار,55
6984208,M,1,الحاج دیپلوم انجنیر جمعه خان طلیق,30
6984209,M,1,,
6984210,M,1,حاجی محمد لقأ اندرابی,58
6984211,M,1,حفیظ الله سلیمان خیل,42
6984212,M,1,مولوی مفتی حق نواز ,34
6984213,M,1,سید شرف الدین پیرزاده,59
6984214,M,1,رحیم الله سمندر,111
6984215,M,1,انجینر حبیب الرحمن حبیب,76
6984216,M,1,عبید الله رامین,83
6984217,M,1,الحاج محمد عالم ایماق,19
6984218,M,1,عبدالاحد حمیدی,84
6984220,M,3,غلام نبی دور اندیش,31
6984221,M,1,حاجی نظر محمدفقیری,8
6984222,M,1,انجینر سید عصمت الله حشمت,64
6984226,M,1,قاضی نجیب الله اکبری,106
6984227,M,1,حاجی جلال الدین باجگاهی,74
6984231,M,1,مظفر نعیم زاده مشهور به داکتر قمرالدین,46
6984233,F,1,محبوبه اندرابی,95
6984234,M,1,داکتر مهدی,90
6984236,M,1,انجینر محمد ضیاء لروانی,18
6984238,M,1,انجینر محمد عاصم,73
6984239,M,1,پهلوان یحی,71
6984240,M,1,دوکتور مطیع الله شرق,56
6984241,M,1,الحاج شیر محمد عابد,100
6984242,M,1,سید الفت نادری,39
6984243,M,1, فضل الحق اندرابی,92
6984245,M,1,الحاج امیر محمد خیرخواه,1
6984246,M,1,رحمت الله واحدی,103
6984247,M,1,عبدالفهیم وهاج,22
6984248,M,1,آغا میر غفوری,85
6984250,M,1,,
6984251,M,1,الحاج مولوی عبدالحلیم,44
6984253,M,1,استاد شیرالله تقوی,26
6984254,F,1,داکتر جمیله اوریاخیل,115
6984325,F,1,زرمینه بارکزی,10
6984702,M,1,سمونوال الحاج توریالی حلیمیار,13
6984704,M,1,محمدهاشم مجبور,22
6984706,M,1,انجینرعبدالخالق,19
6984707,M,1,سمیع اله صمیم,1
6984708,M,1,حیات الله ,6
6984709,M,1,,
6984710,M,1,ملا عبدالله قاضی زاده ,5
6984711,F,1,نفس گل خدمت,9
6984801,M,1,الحاج اسدالله شیرزاد,32
6998194,M,1,عبدالقادر قلاتوال ,9
7023601,M,1,یوسف جان   فضلي,31
7023602,M,1,شیر خان ,24
7023603,M,1,استاذ عبدالله,39
7023604,M,1,عبدالرشید   منګل ,8
7023606,M,1,همایون ,1
7023607,M,1,رز خان ,17
7023608,M,1,وکیل منګل ,16
7023609,M,1,حاجی محمد کریم خان   قاضی زاده  ,58
7023610,F,1, داکتره ملالی ولی,53
7023611,F,1,ساهره شریف ,4
7023613,M,1,زریم جاوید ,57
7023614,M,2,,
7023615,M,1,مولوی سلطان محمود مجروحی,38
7023617,M,1,حاجی عجب نور منګل,40
7023618,M,1,الحاج داکتر میربت خان منگل ,54
7023619,M,1,اکبر الدین تڼیوال ,33
7023620,M,1,حاجی خان زمان صبری,15
7023621,M,1,نیکه  میر خان ,51
7023622,M,1,ولی خان هیله مند ,29
7023624,M,1,حاجی نور ولی جان ,7
7023625,M,1,بهرام خان  ,56
7023626,F,1,زرغونه ,32
7023627,F,1,نادیه باوری,36
7027701,M,1,حاجی محمد  څرګند,6
7030554,M,1,معلم عبدالجبار پیکان ,527
7031166,M,1,انجنیر محمد باقر ,474
7032991,M,1,محمدافضل حبیب صافی ,277
7033119,F,1,حوریه آرزو ,383
7042422,M,1,حاجی میر محمد قاهر سادات ,523
7044396,M,1,محمد اشرف آرین,28
7049270,F,1,راضیه,588
7050503,M,1,حاجی شاولی حسین خیل,403
7060012,M,1, محمد حنیف,16
7060172,M,1,عبدالباقی نورزی ,29
7062828,M,2,حاجی عبدالعلی   سروری ,38
7079648,M,1,عبیدالله اڅکزی,7
7092234,M,1,مسعود خان   نورزی,13
7095094,M,1,حاجی تاج محمد پوپل ,6
7102068,M,1,حمیدگل منگل ,46
7107492,M,1, عبدالفتاح دانشفر,86
7107603,M,1,دکتر محی الدین پیکان حیدری,109
7107706,M,1,داکتر عبدالشکور حسن زاده,47
7111159,M,1,ډګروال  حاجی ملنګ,5
7112559,M,1,استاد نقیب الله قانع,41
7124627,M,1,محمد حسین,118
7147668,M,1,نظر گل پکتین ځاځی,44
7149348,M,1,دیدار ګل بوستانی,7
7167605,M,1,مولوی حبیب الرحمن محمدی,41
7174692,F,1,نجیبه مختاری ,10
7183273,M,1,ډاکټر محمود خان,28
7183933,M,1,انجینر اجمل خان هوتک,24
7192137,F,54,قمر ایشچی,35
7195060,M,1,حاجی محمد ولی     علیزی,35
7196388,M,1,محمد حسن,51
7196528,M,1,محمد هاشم الکوزی ,20
7196826,M,1,عبدالرحمن بلوڅ,22
7204071,M,1,حاجی سیف الله   سیلاب ,4
7207066,M,1,حاجی نقیب الله عرفانی ,6
7217698,M,1,حاجی عبدالواحد   کاریزوال,44
7220763,M,1,الحاج  بادشاه خان ځدراڼ,6
7246439,M,1,حاجی محمد صدیق نورزی,1
7252093,F,1,حجیاڼۍ نفیسه توخی,10
7254499,F,1,سمین ګله څیړۍ,45
7278011,M,1,حاجی جانان نورزائی ,38
7278158,M,1,غلام فاروق مجروح,53
7280633,M,1,محمد یعقوب  ستانکزی ,9
7293377,M,1,غلام سخی افسری,33
7301701,F,1,فرزانه احمدی,152
7310873,M,1,قاهر خان,44
7315413,M,1,حاجی مامور عبدالقادر شریفی ,19
7315431,M,1,ډاکټر غلام جیلانی همایون,33
7325007,M,1,دگروال عبدالله ,87
7350014,M,54,مولوی هدایت الله هدایت ,91
7351125,M,1,احمد فرید علمی,22
7352125,M,1,عنایت الله بیگ,92
7357285,M,54,احمد خان رحمانی ,53
7364001,F,1,فهیمه سادات,1
7368632,M,1,ښادی خان ښوونکی,45
7368761,M,54,محمد طارق ,76
7374596,M,1,الحاج عبدالرحمن شفق,37
7379928,M,1,الحاج جنرال محمد داود خنجانی,54
7389412,M,1,داکتر ذاکر حسین امیری,32
7403565,M,1,کلانتر شینواری,135
7408004,M,1,الحاج نصرت الله مدثری,402
7408009,M,1,عبدالقادر ځاځی وطندوست,573
7408014,F,1,قدریه یزدان پرست,378
7408015,M,1,انور خان اوریا خیل,518
7408029,M,2,حاجی شالیزی دیدار,270
7408041,M,1, فهیم  کوهدامنی,217
7408088,M,1,میر نصرت الله شمس,141
7408101,M,1,محمد بشیر هاتف,584
7408132,F,1,شینکی ذهین کړوخیل ,586
7408154,F,1,,
7408159,M,1,انجینر مولا گل احمدزی,357
7412439,M,1,سعود بختیار,33
7413632,M,1,عبدالرازق قرمقول,22
7413959,M,1,عبدالالله احد پور,102
7420692,M,1,عبدالله صدیقی ,89
7428380,M,1,غلام مصطفی وردک,29
7429003,M,1,عاقبت الله ادیب یار,70
7439011,M,1,منشی عبدالشکور ,102
7439025,M,1,احمد علی جبرئیلی,57
7439026,M,1,,
7439033,M,1,انجنیر فاروق سمندر,30
7439040,M,20,نور احمد برزین خطیبی ,32
7439051,M,1,الحاج وکیل زرین زرین ,112
7439067,M,1,محمد ناصر عطائی ,54
7441293,M,1,ایمل خان مومند,34
7452038,M,1,مولوی عبدالعزیز خیر خواه ,35
7460081,M,1,رحمن الله  دولت زی,18
7462502,F,1,داکتر شاه بی بی  سعیدی,112
7464088,M,1,حاجی عصمت الله بارکزی ,27
7466501,F,1,پوهنیار  شیلا  بابړی ,7
7476851,M,1,مامور عبدالجبار شلگری,47
7477101,M,1,حاجی ملک نظیر ,38
7477213,M,1,داود شاه خوشحال,134
7533130,M,1,حاجی ګل محمد ,28
7533981,M,1,حاجی سید ولی څمکنی ,34
7541732,M,1,عبدالشکور,27
7542812,M,1,حیات وزیر ,25
7543344,F,31,مریم دقیق,9
7554179,M,1,محمد ظاهر غنی زاده مشهور به قند آغا,70
7557536,M,54,حاجی عبدالوهاب,50
7564567,M,1,الحاج محب الله محقق,116
7571246,F,1,فوزیه هوتک ,24
7595590,M,1,,
7609105,M,1, شرف الدین شینواری,126
7621064,M,1,داکتر عصمت الله  شینواری,45
7622400,M,1,حاجی پیربخش  گردیوال ,97
7637873,M,1,ډاکتر حبیب الله  زاخیلوال ,101
7647079,M,1,شفاګل   انګار,30
7647395,M,1,لیاقت الله بابکرخیل,9
7648001,M,1,کریم خیل ,45
7692380,M,1,حاجی نیاز محمد سرحدی,5
7709513,M,1,الحاج محمداسحق رهگذر ,16
7709527,F,1,داکتر گلالی نور صافی,27
7722209,M,1,حاجی اصیل خان هوتک,50
7726013,F,1,شاه گل رضایی,17
7726020,F,1,هوسی اندړ,31
7726038,M,2,سید محمود حسام الدین گیلانی,24
7726040,M,1,حاجی نیاز محمد امیری,40
7727504,M,1,سید حسام الدین ابراهیمی,5
7727505,F,1,استاد چمن حمیدی,18
7727510,F,1,عزیزه جلیس,4
7727513,M,1,محمد صادق مخدوم,19
7727514,M,1,محمد حسین فهیمی,26
7731121,M,1,حاجی عصمت الله   فیض  ,9
7732202,M,1,څارنوال عزیزالرحمن,42
7732203,F,1,استاد کریمه صدیقی,44
7732205,M,1,انجینر شمس الرحمن شمس,17
7732206,M,1,سید ذبیخ الله عباس,59
7732207,F,1,داکتر ذکیه قدرت جلیلی,50
7732208,M,1,داکتر همایون   لغمانی,11
7732209,M,1,محمد اغا   اوریا خیل,25
7732210,M,1,خسرو یوسفزی,7
7732211,M,1,داکترمحمد هارون سیلاب  عبدالرحیمزی,26
7732212,M,102,مولوی عبدالحلیم  حلیمی,39
7732213,M,1,مولوی حیات الله حیات فرقانی پشه ئی,57
7732214,F,1,شیرین تاج      سهاک,22
7732215,F,1, اوگی امیل,34
7732216,M,1,عبدالغنی  اتمر,23
7732217,M,1,غفران الله,53
7732218,M,1,محمد همایون حقمل      کمالپوری,16
7732219,M,1,محمد اسماعیل    نشاط,37
7732220,M,1,ذبیح الله بهار غازی,52
7732221,M,1,عبدالرشید عمر خیل,40
7732222,M,1,صفی الدین مدثر لغمانی,10
7732223,M,1,الحاج حفیظ احمد گلزاد,43
7732224,M,1,مولوی سعیدالرحمن,49
7732225,M,1,محمد داود نیازی ,19
7732226,M,1,انجینرمحمد افضل افضل زاده,27
7736015,M,1,میرویس یاسینی,39
7739182,M,1,اسدالله مصطفی ,5
7762167,F,1,فوزیه ناصر یار گلدره ئی,24
7762310,M,1,سفیر احمد دانش,30
7765673,M,1,بریالی گلیار,10
7767635,M,1,حاجی محمد حسن  مموزی,41
7770507,M,1,پوهیالی الحاج سید عبدالحبیب هاشمی سمونوال متقاعد,305
7771232,M,1,احمد الله  فیاض,91
7783285,F,1,بی بی حاجی وکیله شفیقه نوری,57
7784763,M,1,,
7787021,M,1,شاه ولی  منګل,25
7787038,M,1,دوست محمد خان ځدران ,55
7787057,M,1,ډاکټر  باختر  امین زی,49
7810007,F,1,رابعه لامع,503
7820210,M,1,حاجی نور محمد عبیدی,362
7820258,M,1,ذبیح الله جوانمرد ,348
7820324,M,1,حاجی دولت محمد شیرزی,300
7821642,M,1,الحاج غلام ربانی ناشر ,79
7827841,M,1,محمد اکبر صافی,159
7829886,F,1,کریمه بیهقی,43
7832817,F,1,جمیله مجاهد,285
7832834,F,1,شیلا صبا,473
7835492,M,1,محمد جواد باذل,652
7889725,M,1,,
7900041,M,1,الحاج فرید احمد شیرزاد,26
7902051,F,1,فهیمه نیرو,84
7907498,M,1,امیر محمد,20
7931025,M,1, حاجی وحید صدیقی ,46
7931494,M,1,,
7934358,M,1,گل احمد اکبری,137
7938049,F,1,پروین شمسی ,67
7939501,F,1,الحاج شکیلا هاشمی,6
7939506,M,2,انجینر بشیر احمد,8
7939880,M,1,عبدالبصیر,105
7956370,M,1,فیض احمد نورزائی,16
7960679,F,1,بصیره حبیب نورزی,2
7968335,M,1,حاجی محمد عظیم الله,449
7970926,M,1,انجینر محمود کلکانی,566
7991398,M,1,هاشم رسولی,549
8032783,M,1,دوست محمد عزیزیار,30
8047835,M,1,محمد سرور شیرزاد,13
8056211,M,1,حاجی شاه محمود خالقی,75
8060258,F,1,شرین محسنی,31
8060592,F,1,دوکتور کریمه حامد فاریابی,48
8063801,F,1,رنگینه کارگر,52
8064473,M,1,فیض الله فیض,11
8106355,M,1,محمد یوسف وکیل زاده ,25
8120722,M,1,حاجی علی جان ممنون ,20
8145570,M,1,حاجی عبدالسلام  طلائی,52
8146249,M,1,حاجی محمود ,41
8164980,M,1,دوکتور نجیب الله,55
8169705,M,1,حاجی عبدالاحد هلمندوال,24
8186174,M,1,حبیب الله  مستعان,56
8187728,M,1,جنت خان منګل,22
8194454,F,1,ډاکتر نازدانه پکتیاوال,38
8208752,M,1,مدیر محمد الله  عابد  منګل ,24
8238890,M,1,عبدالواحد ملافرشغان,38
8242490,M,11,سید عبدالرزاق پاچاه,50
8245232,M,1,حاجی  ثنا   الحق,73
8251012,M,1,حاجی غلام حیدر خان ,10
8272737,M,1,محمد ایوب مهمند ,29
8293609,F,1,حمیده,23
8296149,M,1,عبدالجلیل پرشور,67
8296433,M,1,,
8300446,M,1, اسد الله کوهزاد,3
8301404,M,1,الحاج محمد ظاهر نظرزی شینواری,68
8306409,M,1,مولوی عبدالشکور,45
8309011,M,1,,
8309100,M,1, ناصر خان ناصر,57
8319650,M,1,حاجی نورالله,14
8330721,M,1,مولوی عبدالقیوم قیومی,87
8331925,M,1,حاجی جاوید احمد,88
8337202,M,1,دوکتور نرمگوی,97
8337640,M,1,عبدالرقیب مشتاق,19
8344576,M,1,عنایت الله وطنیار,11
8349990,M,1,داکتر نعمت الله ,196
8352201,M,1,الحاج محمدسمیع ایماق,10
8352202,M,1,فیض الرحمن رحمانی,6
8352203,M,1,داکتر محمد ولی عزیزی,72
8352204,M,1,حاجی عبدالحمیدایماق,75
8352205,M,1,بهادرخان اقتاش,84
8352206,M,1,الحاج قاری اسلام مجاهد,36
8352207,M,1,صفر محمد کاکړ,65
8352208,F,1, داکتر عنقا امین ,79
8352209,F,1,شکریه پیکان احمدی,14
8352210,F,1,داکتر فاطمه عزیز,28
8352211,M,1,سید داود نادری,25
8352214,M,1,کریم الله عمران کشانی,54
8352215,M,1,قاری رحمت الله,32
8352216,M,1,انجنیر کمال,87
8352217,M,1,حبیب احمد فضل,52
8352219,M,1,دوکتورسید بدخش,1
8352220,M,1,سردار احمد  شاه ,78
8352221,M,54,انجنیر یاسین ابدالی,85
8352222,M,1,معلم حمید الله هوتک,73
8352223,M,1,محمد گل صاحب زاده ,16
8352224,M,1,نظام الدین,38
8352225,M,1, نور الدین بیگ ,5
8352226,M,1,یماخان,13
8352227,M,31,داکتر داد علی,45
8352228,M,1,الحاج رحم الدین طیب,41
8352229,M,1,انجنیر محمد عمر,63
8352230,M,1,داکتر عبدالله شکیب,60
8364004,M,1, نورالله معمار,17
8368102,M,1,الحاج مولوی حق مراد حامد,43
8380916,M,1,غلام قادر رحیمی,58
8392741,M,1,داکتر غلام سخی ملک زاده رباطی ,63
8456419,M,1,برات شیرزاده کتوزای,431
8464412,M,1,حاجی محمد نجیم  امیری,195
8465223,M,1,نجیب الله مجاهد,464
8472235,M,1,الحاج استاد سید گلاب ودان ,94
8589872,M,1,داکتر فضل الدین خرمی جسور ,11
8592576,F,1,الحاج زیفنون صافی,5
8594067,M,1,ښویالی اسد الله ثاقب,46
8594354,M,1,,
8594539,M,31,حاجی محمد خان ,15
8601491,F,1,استاد محبوبه ,36
8605402,M,1,قاضی نذیر احمد حنفی ,126
8628908,M,1,عبدالودود پیمان ,15
8660355,M,1,نظامی کارپوه ډګروال محمد ګل میړنی ,47
8670594,M,1,عبدالله   صالحی ,19
8674726,M,1,مولوی شامحمود,7
8675337,M,1,حاجی فیض الحق مشکانی ,16
8678605,M,1,,
8681345,M,1,سید نجیب الله  هاشمی,382
8705879,M,1,مدیر عبدالطیف,100
8712102,M,1,الحاج غلام حیدر جیلانی,6
8716274,M,1,عبدالغیاث براتی,6
8752929,M,1,سید نادر سادات ,88
8761362,M,1,انجنیر عبدالرحمن افغان ,70
8763144,M,1,عبدالهادی جمشیدی ,68
8779529,M,1,محمد ظاهر ملک زاد,29
8790381,M,1,ډاکترحبیب الرحمن ننګ,8
8805609,M,1,مولوی عبدالحق  مظهری,81
8834689,M,1, قاضی عبدالقدوس سهاک,2
8834725,M,1,الحاج برید جنرال نقیب الله,58
8839042,M,2,عبدالغفور رضوانی,35
8844643,M,1,الحاج شیرشاه ستور لغمانی,1
8850951,M,31, حاجی نجیب الله  مقصودی ,316
8858301,M,1,عطا محمد نجات,145
8863552,F,1,قاضی منیره بهارکی,24
8895310,M,1,عبدالبصیر بهرامی ,297
8895893,M,1,الحاج عبدالقیوم پارسا,246
8913401,M,1,محمد ظاهر ملک بابا,116
8913402,M,1,سید احمد الله پاچا,29
8913403,M,2,انجنیر  محمد امان  خیری,64
8913404,M,1,طور گل عبرت,83
8913405,M,1, سید عبدالغفار پاچا,119
8913406,M,1,حاجی معلم ولایت خان ,82
8913408,M,1,عبدالجبار ثابت ,37
8913409,M,1,الحاج استاد علی محمد عبدیانی ,63
8913410,M,1,انجنیر سید اکرام ,81
8913411,M,1,محمد اکبر,80
8913412,M,1,داکتر عبدالوهاب  زهیر ,28
8913413,M,1,حاجی انعام شاه   انعام شنواری ,130
8913414,M,1,سمونوال سید محمود هاشمی پاچا,51
8913415,M,1,سید اسحق ,16
8913416,F,2,سهیلا بهار,105
8913417,F,1,عابده ملکزۍ,61
8913418,F,1,داکتر رمزیه محمدی,103
8913419,F,1,نباتی صافۍ ,23
8913421,M,1,دگروال جان محمد خوگیانی ,96
8913422,M,1,انجینر خالد زمان ,74
8913423,M,1,امان الله ,60
8913424,M,1,حاجی عبدالظاهر  قدیر,47
8913425,M,1,قاضی سمیع الله,151
8913426,M,1,حسن خیل  امر خیل,120
8913429,M,1,عبدالهادی جلالی ,93
8913430,M,1,ببرک  شینواری ,104
8913431,F,1,انجنیر هاشمه شریف ,111
8913433,M,1,انجنیر حمید الله  قلندرزی,79
8913434,F,1,نگار ښالیز,110
8913435,M,1,میوند شینواری,52
8913436,M,1,محمد اسحاق اتمر ,58
8913437,F,1,فرشته انوری ,33
8913438,M,1, لطف الرحمن  خاموش ,141
8913439,M,1,قاضی محمد آمین  وقاد,142
8913440,M,1,سید  جلال احمد  پاچا,15
8913441,M,1,څارنوال فقیرمحمد روحانی ,84
8913443,M,1,مصری خان ,139
8913444,M,1,دپلوم انجینر عبدالقهار حیدری ,36
8913445,F,1,سمین  احمدزۍ,42
8913446,M,1,داکتر امان الله  ایوب ,71
8913447,M,1,احسان الله منور,153
8913448,M,1,استاد غفوری ,48
8913450,M,1,فرهاد خان کوټوال ,136
8913451,M,1,میر هاشم مومند,14
8913452,M,1,حاجی گل داد خان  شینواری ,117
8913454,F,1,حسیبه سادات ,4
8914174,M,1,محمد عظیم محسنی,77
8921588,M,1,مامور عزیز,12
8921776,M,1,آمرسعدالله,9
8927225,M,1,شایسته باز ناصری,3
8941366,F,1,استاد حمیرا ایوبی ,14
8948601,M,1,عبدالجمیل فیضی,38
8948603,F,1,آمنه مجاهد,81
8948604,M,1,سید براتعلی حکیمی موسوی,8
8948605,M,1,محمد علی افضلی,75
8948606,M,1,استاد محمد عارف رحمانی,4
8948607,M,1,مدیر شاولی هوتک ,82
8948608,M,1,امیر محمد دفتانی آمر حرکات,62
8948609,M,1,خداداد فقیهی,79
8948610,M,1,حکمت الله ,48
8948611,M,1,دوکتور شاه جهان,80
8948612,M,1,محمد داود سلطان زوی,33
8948613,F,1,راحله بی بی کبرا عالمشاهی,54
8948614,M,1,چمن شاه اعتمادی,37
8948615,M,1,احمد حسین جاغوری,64
8948616,M,1,فیضان الله فیضان,50
8948617,M,1,سید سردار عالمی,30
8948618,M,1,احمد سنجر آزاد زوی,49
8948620,F,1,هما سلطانی,39
8948621,F,1,حاجی ظاهره احمدیار مولایی,53
8948622,M,1,استاد محمد علی اخلاقی,67
8948623,M,1,استاد نوروزعلی کریمی,9
8948624,M,2,داکتر عبدالمجید ناصری,78
8948625,M,1,شکرالله حیدری,51
8948626,F,1,فاطمه نوری,29
8948627,M,1,محمدشریف حبیبی هزاره,3
8948631,M,2,الحاج خداداد عرفانی,18
8948632,M,1,محمدشریف نظری,58
8948636,M,1,انجنیر عبدالحکیم دلیلی,84
8948639,M,1,استاد داکترکریمی شیرداغ,5
8948640,M,1,سکندر قیام,61
8948642,M,1,عبدالحسین رفیعی,25
8948801,M,1,ملا عبدالسلام راکیټي,8
8948803,F,1,رحیمه ,13
8948804,F,1,زهرا توخي زابلي,12
8948805,M,1,خان ربانی خان,2
8949301,M,1,سید محمد نادر حاتمی,1
8949304,F,1,وکیل آزیتا  رفعت ,26
8949305,M,1,عبدالواسع صولت محزون,3
8949306,M,1,الحاجی رئیس محمد عمر,31
8949308,M,1,ضیاالدین خان,40
8949309,M,1,محمد ظاهرشاه عصمت,37
8949310,M,1,حاجی لالا جان,29
8951470,M,1,حاجی سردار آغا مشهور به بریالی,15
8957513,M,1,داکترفیض الله,30
8958672,M,1,عبدالعلی سعید ,198
8972251,M,1,شاه اسماعیل,28
8995505,M,1,سعادت الله همدرد,29
8997301,M,1,سراج الدین قیتمس,38
8997302,F,1,داکتر شکریه,6
8997303,M,1,فاضل سانچارکی,43
8997304,M,1,استاد جعفری,22
8997305,M,1,مولوی عبدالخبیر ,27
8997307,M,54,سید انور سادات,20
8997308,M,1,قاضی محمد عمر اسحق زی,13
8997310,F,1,قاضی ثریا ,1
8997312,M,1,حاجی خیر محمد ایماق ,41
8997313,M,1,سید محمد هاشمی,9
8997314,M,1,محمد داود خان صیادی ,17
8997315,F,1,استاد منیژه سادات قاضی زاده ,35
8997316,M,1,عبدالرحیم وحیدی,8
9002097,M,1,حاجی محمد داود نورزائی,132
9003413,M,1,معلم حفیظ الله ,145
9020628,M,1,,
9032594,M,1,استاد نوری,59
9042001,M,1,محمد ظاهر  حاتم,67
9042020,M,1,مظفرالدین ظفر,11
9042023,M,1,عسل محمد  شاکری بدخشانی,39
9042032,M,1,ضیاء الدین واثق,71
9042050,M,1,مرشید سمونوال منشی حفیظ الله حبیب کوفی,74
9070046,M,1,مولانا عبدالحمید نورزائ,52
9159512,M,1,حاجی محمد لعل,17
9166501,M,1,نواب امیرزی ,14
9166508,M,2,غفار محمد ,19
9166513,M,1,سید محمد  گلاب زوی ,491
9209045,M,1,څارنوال جګړن عیان,14
9236600,F,31,نفیسه نصیب,22
9310458,M,1,,
9313170,F,1,نازپرور   هادی,12
9337871,M,1,محمد بصیر  بیک ,22
9338715,M,1,محمد کبیر احمدی,28
9347725,M,1,حاجی عزت الله,1
9366572,F,1,داکتر سارا ,34
9388591,M,1,حاجی غلام محمد اسحق زی ,7
9421564,M,1,ایلچی بیک حرکت,84
9432601,M,1,معلم محمد داود قهستانی ,119
9651090,M,54,الحاج مولوی عبدالله قرلق,34
9659857,F,1,ملیحه احمدزی,1
9664508,F,1,فرشته امینی,6
9701919,M,1, انجینر محمد عیسی,30
9746112,M,1,انجینر ظفر خان,55
9755177,M,1,داکتر عبدالحکیم   صافی,67
9756007,M,1,داکتر سخی,64
9765683,M,1,علی حسین  خلیلی ,75
9797970,M,2,قاری عبدالحمید حمید,11
9855114,M,1,,
9856057,M,1,معلم شهاب الدین,45
9919250,M,1,استاد فرید الله حسام,5
9921492,F,1,صفیه صدیقی ,127
10029677,M,1,استاد  تاجورخان  سنگروال,35
10060214,M,1,مولوی شهزاده شاهد,2
10072092,M,1,حاجی محمد عارف طیب ,99
10125494,M,2,سید احمد خان گیلانی,63
10144851,M,1,داکتر محمد صالح سلجوقی,63
10179141,M,1,عبدالکریم خان اڅکزی ,12
10206325,M,1,څارنوال محمد اسمعیل  بابکرخیل ,216
10217436,M,1,محمد صالح,31
10233649,M,1,الحاج سید صلاح الدین سادات ,33
10276422,M,1,الحاج قاضی محمد یعقوب صدیقی,33
10340752,M,1,,
10383127,M,1,امر الدین حق شناس,60
10392688,M,1,الحاج داکتر اسدالله همتیار,13
10409918,M,1,حاجی گل مرجان اکا خیل,90
10440903,M,1, نجیب الله  ننگیال,106
10440994,M,1,محمد داود  شینواری,62
10444347,M,1,مولوی عبدالمعبود عابد,96
10446504,M,1,مولوی محمد نبی,23
10459606,M,1,محمدیونس هوتک,324
10488751,M,1,حاجی محمد ایوب,6
10568153,M,1,صبرالله فایز,632
10585532,M,1,مزمل هوتک ,318
10585921,M,1,محمد رفیق مسرور کاکر,143
10602013,M,1,وکیل سید محمد رفیق نادم ,117
10606723,M,1,حاجی عبدالله باغدشتی,104
10612567,M,1,الحاج سید سرور محسنی,95
10624233,M,1,صفی الله مجددی,88
10631180,M,1,حاجی فخاری,109
10635772,F,1,عاطفه منصوری,27
10641972,M,1,محمد ناصر احمد یان,121
10642247,M,1,محمد نعیم غیور,66
10643009,M,1,افضل شاه دور اندیش,130
10647025,M,1,غلام حیدر  سروری,22
10658523,M,1,دگروال محمد اسرائیل ,19
10659550,M,1,الحاج سید عبدالله شیرزادی,108
10681061,M,1,میراحمد بلوچ ,3
10681822,M,1,علی احمد فیضیار,70
10687553,M,1,,
10687893,M,1,الحاج انجنیر محمد ناصر محتسب زاده ,71
10687946,M,1,الحاج دوکتور بصیر احمد بصیریار ,81
10688496,M,30,شیخ محمد موسی رضایی,153
10692813,M,1,الحاج مولوی رحمت الله حنفی,24
10693779,F,1,استاد یوسفی ,28
10704929,M,1,احمد سمیر مایل,69
10713799,F,1,فاطمه استانکزی  بلوچ,134
10717576,M,1,حاجی معلم غلام رسول برهانی ,76
10718501,M,1,استاد عبدالصمد  همتی,43
10718544,M,1,داکتر  سیدمعروف قاضی زاده   انصاری ,82
10727628,M,1, احمد فرهاد  مجیدی,100
10728070,M,1,انجینر محمد ایوب غفوری ,143
10745901,F,1,طاهره سجادی,58
10753192,M,1,الحاج محمد رفیق شهیر ,93
10774156,M,1,سید محمود  هاشمی,73
10833011,M,1,حاجی عبد الرشید,23
10862831,M,1,منشی عبدالحبیب,12
11011693,M,1,حاجی محمد فرهاد  صدیقی,256
11012526,M,1,مولوی محمد اصغر ,4
11014324,M,1,محمد عالم وطن دوست,166
11018760,M,1,الحاج خلیفه سیدگل چشتی,148
11021649,M,1,خلیل رومان,165
11021848,M,1,کابل خان تدبیر زرمتی ,458
11035004,M,1,قاری محمد ناصر,44
11040318,M,1,استاد قربانعلی عرفانی ,96
11041325,M,1,عبدالله افضلی ,197
11042268,M,1,سید حسین عالمی بلخی ,647
11043959,M,1,محمد داود یوسفزی,425
11082236,M,1,محمد صابر ,147
11096571,M,1,عبدالله شهکار,569
11096632,M,45,محمد ظریف ناصری مشهور به ماما,213
11118545,M,1,سید ناصر عقیل,622
11118666,M,1,انجینر شیر ولی وردک,399
11119699,M,1,عزت الله مموزی ,476
11167326,M,1,عبدالفتاح مهریان,144
11173564,M,31,حاجی خلیل,638
11174748,F,1,داکتر انارکلی   هنر یار ,506
11201081,M,1,دوکتور فریدون الماس,11
11202201,M,1,یاردل نظامی,54
11211993,M,1,انجینرمحمد رسول بارکزی ,339
11223050,M,1,حسین جان,3
11227881,M,1,الحاج محمد صابر حمد اله احمدزی,385
11228682,M,1,الحاج میر عبدالغفور مودودی,86
11229920,M,1,باور خان هوتک,498
11238922,F,1,گلالی یعقوبی,73
11241985,M,1,نصر الله پرتو نادری,92
11245333,M,1,عبدالناصر نادری ,657
11245845,M,1,الحاج عبدالواحد   قرضی ,489
11251870,M,1,محمد عالم امینی,534
11259899,M,1,پوهندوی دکتور عصمت الله سجاد,654
11267264,M,1,استاد حبیب الله فرهنگ ,315
11278622,M,1,غازي نواز ,18
11287065,M,1,درمحمد رادمرد,662
11296773,M,1,عبدالجلیل  بصیری ,520
11327530,M,1,نجیب اله انتظار کوهدامنی,128
11330609,M,1,محمد داود  مرزایی ,453
11336178,M,1,استاد موسی فریور ,499
11336231,M,54,عبدالرحمن حکیمزاده,15
11336260,M,1,استاد داکتر احمد ضیآ امیری  صافی ,268
11336270,M,2,دکتور کبیر رنجبر,492
11336357,M,1,حیات الله بلاغی ,176
11345750,M,1,سلطانعلی مرتضی نیکزاد ,631
11346510,F,3,عادله بهرام ,371
11376064,M,1,محمد نادر قلندری,481
11380005,M,1,دیپلوم انجینر عبدالوکیل  عزیزی ,214
11382256,M,1,,
11386377,M,1,دوکتور عبدالحمید سمندری,291
11387722,M,1,الحاج استاد محمد شعیب نیازی,16
11389526,M,1,انجینر عبدالجمیل ,660
11397233,M,1,الحاج خادم حسین خدا یار ,663
11443064,M,1,احمد شاه نورزائی ,122
11468889,F,1,گل مرۍ  ,9
11502663,M,1,سید محمد موسی جناب صاحب,24
11515788,M,1,داکترنورالله راشد طاهری ,127
11535867,M,1,سیدجاوید ,82
11565717,M,1,محمد هاشم وفادار,28
11567554,M,1,عبدالطیف جان,12
11582502,M,1,حاجی داکتر عبدالستار,30
11582504,M,54,حاجی محمد عزیز همراز,20
11582505,F,1,سلطنت کوهی,68
11582510,M,54,الحاج فتح اله قیصاری,36
11582529,M,1,استاد سردار محمد رحمان اوغلی,28
11582530,M,1,حاجی محمد هاشم,13
11582531,M,1,حیات الله بهروز خالقی ,47
11582544,M,1,حاجی جمعه خان,19
11582552,M,1,سید زین الدین عابدی,26
11585218,M,1,محمد شاکر کارگر,16
11632100,M,1,جمعه خان بشیری,20
11632418,M,1,انجینر احمد شاه یاد فراهی,26
11647791,M,1,,
11717445,M,1,قاری نعمت الله نستوه,65
11726270,M,1,شاه ولی خان شاکر,19
11769499,M,1,خان امیر افتخاری,35
11790329,M,1,احمد شاه شاهرخی,44
11831268,M,1,سردار محمد ,4
11844946,M,1,عبدالجلیل رحیمی مشهور به قشقه,20
11870907,M,1,عبدالباقی سنګر,5
11888860,M,1,منزالله خان ,31
11923509,M,1,سید عبدالهادی هدایت,58
11954977,M,1,عبدالقدیر ,4
11996208,M,1,سعیدخان  مفردزاده,51
11996286,M,1,گل آغاپیرزاده,37
12113983,M,1,,
12219582,M,1,سیف الرحمن  رسولی,94
12236501,M,1, محمد نظر,41
12242639,M,1,,
12265956,F,1,صدیقه معروف به زهرا,91
12268193,M,1,قاضی سعد الله ابو امان,53
12300860,M,54,دوکتور نصرالله  قاضی زاده ,86
12308712,M,1,انجینر رازمحمد  فیض ,83
12309237,F,1,صالحه,17
12329984,M,1,آمر حیت مراد,12
12336796,M,1,حاجی جنرال احمدولی  بکتاش,23
12347436,M,1,بسم الله شریفی,93
12348073,M,1,انجینر احمد ظهیر الدین اظهر,24
12376720,M,1,داکتر عبدالوکیل قیومی,114
12453737,M,1,معلم شرف الدین,81
12456703,M,1,انجنیرقطب الدین تره کی,72
12520623,F,1,راحله سروری,51
12535093,M,1,شاهک عصمتیار,82
12536497,M,1,الحاج شاه عبدالاحد افضلی,3
12548582,M,1,عمادالدین,55
12636179,M,1,الحاج مامور محمد عیسی  عمر,132
12639166,M,1,الحاج مولوی محمد اسرائیل,50
12668564,M,1,محمد فرهاد عظیمی,69
12693507,M,1,حاجی کمال الدین عرب,89
12865581,M,1, محمد آصف  شفا جو ,548
12890124,M,1,الحاج عبدالصبور آریائی ,14
12901009,M,1,استاد محمد اکبری,3
12901096,M,1,وکیل سید آغا,98
12918508,M,1,قاضی امرالدین   سحاب ,34
12918517,F,1,دلبر نظری ,28
12918520,M,1,عبدالاحمد  تاتار,22
12918523,M,1,حاجی عبد العزیز عبدالحکیم کریمی ,3
12918531,M,31,حاجی عارف اخلاقی,21
12918535,M,1,عیدی محمد بیگ  بیگزاده,7
12938529,M,1,استاد عبدالقهار سروری,88
13013843,M,30,محمد حسین دانش لزیر,16
13038521,M,1,الحاج الله نظر ضیایی,2
13112133,M,1,عبدالقدوس,1
13303755,M,1,خطیب مولوی محمد ابراهیم,16
13315149,M,1,استاد فیاض رئیسی,60
13323851,M,1,محب الله ولسوال,13
13328155,M,1,حبیب الله   قادسی ,39
13351001,M,1, الحاج مولوی نورمحمد ولسوال,81
13404503,M,1,فضل الرحمن طغری,12
13419361,M,1,گل محمد وزیری ,2
13420310,F,1,بی بی حاجی نفس جان,372
13429135,M,54,ملاعزیزالله,8
13430538,F,54,کریمه مدقق,3
13431461,M,1,داکتر عبدالکبیر  انوری,62
13454317,M,1,محمد عالم اخلاقی,68
13470115,F,1,نسیمه   نیازۍ,14
13538546,M,1,سیدامان الله  سیرت,22
13539285,M,1,مرشد آغا,24
13545591,M,1,الحاج سید  محسن سناتور دوره اول ,26
13574996,M,1,فضل احمد ,39
13588916,M,1,عین الدین همدرد,2
13592386,M,1,عبدالستار جمالی ,2
13629076,M,1,الحاج نظام الدین,48
13631081,M,1,حاجی سید عبدالقیوم,17
13643339,M,1,عبد الله خان,6
13648783,M,1,مولوی عبدالملک محق,36
13656405,M,1,څارنوال محمد معروف مختار,18
13686742,M,1,مولوی شیر  احمد ,73
13713002,M,1, محمد اسحق پیلوت ,83
13763717,M,1,انجنیر محمد داود فرهنگ ,30
13767552,M,1,عبدالا حد  حارث ,92
13768001,M,1,الحاج سبحانقل,78
13782454,M,1, عبدالباقی باریز,9
13817012,M,1,,
13833760,M,1,کمال ناصر  اصولی ,12
13874583,M,2,سید محمد حسن شریفی بلخابی ,32
13886131,M,1,سید محمد فرهاد هاشمی,229
13937633,M,1,نصیرالله محمدی,40
14001961,M,1,مولوی  محمد شین گل شرعی بت شکن,28
14002881,M,1,,
14030180,M,1, استادآقامحمد امیری ,35
14049742,M,1,حاجی نظر جان احمدزی,605
14100788,M,1,کاکو جان نیازی,407
14112364,M,1,محمد رحمن پهلوان زاده,2
14139841,M,1,انجنیر اسدالله  فلاح,5
14142588,M,30,استاد ذهاب,19
14155747,M,1,پوهنیار عبدالستار غرا,2
14171603,F,1,لیدا کریمی ,484
14171676,F,1,روبینا جلالی,258
14182170,M,1,محمد ارشاد معنوی,137
14185794,M,1,محمد نعیم خاوری,560
14233349,M,1,رحمت الله واحد یار ,53
14257253,M,1,جنرال عبدالواحد طاقت,234
14297017,M,1,الحاج عبدالقادر سعادت غزنوی,7
14312945,M,1,استاد سادات,59
14346501,F,1,شکیلا نوید,261
26984229,M,1,غلام رضا صفدری,78
29581031,M,1,الحاج سید جان دلیر,45
52455076,F,1,نادیه صالح,62
54239570,M,1,الحاج مولوی فقیر محمد منگل,542
55266681,M,1,الحاج محمد داود ځاځی,39
55275387,M,1,الحاج خیال محمد حسینی,12
60445101,M,1,غلام حیدر کارگر,457
60810150,F,1,سهیلا شریفی,592
79395161,F,1,نفیسه  بها,22
87589991,M,1,سید عبداله حبیبی,65
99037507,F,2,فاطمه کاظمیان,35
100130013,M,1,مولوی عبدالغنی  ,29
100157849,M,1,حاجی خلیل  احمد شهید زاده   ,13
100159330,M,2,محمد ظاهر  شیرزی,87
100217671,M,1,شجاع الملک جلاله,16
100258481,M,1,محمد رحیم خان قریشی,74
100259853,M,1,پوهنمل محمد معین مرستیال,46
100263565,M,1,الحاج مولوی دوست محمد,57
100306373,M,54,داکتر غلام رسول صفری,80
100330140,M,1,مخدوم ابدال الله  محمدی,12
100407011,F,1,عقل ماه سخی زاد پامیری,48
100576109,M,1,محمد رضا خوشک وطن دوست ,36
100587348,M,1,حاجی رحمت ګل ,43
100614677,M,1,الحاج داود خان   شهیدزوی  ,21
100770730,M,1,سید عبدالحکیم ناطقی ,12
100817962,M,1,عبدالفتاح درانی ,1
100905117,M,1,مخدوم خلیل احمد خنجانی,96
100935943,M,1,محمد سرور قیبچاق,18
100980010,F,1,داکتر زاهده فیضان نورستانی,2
101029927,M,1,احمد میرویس آریا,20
101050508,M,1,ملک محمد صابر,11
101060558,F,1, فاطمه شایق وصال,54
101064293,M,54,محمد ظاهر مرادی,64
101084006,M,1,غلام سخی سلیمانی,74
101084148,M,1, غلام فاروق قاطع,58
101146261,M,1,غلام رسول فرآئین,4
101265267,M,1,نادر احسانی ,1
101307618,M,1,صوفی صدیق ,101
101308756,M,1,دگروال حاجی محمد قاسم فقیری,91
101335703,M,54,حاجی مولوی عبدالرحیم توکلی,34
101363077,F,1,فرزانه  منصوری ,31
101568523,M,1,محمد داود شجاع زاده ماستر علوم,23
101571256,F,2,راضیه حسینی,29
101670360,M,1,زیارت خان غفورزی ,2
101795514,F,1,بختی عادلی ,50
101858357,M,1,بصیر بیگ زاد ,79
101875243,M,1,حاجی حبیب الله الحبیب,4
102140053,M,1,نورالحی حقجو,32
102146502,M,1,حاجی عبدالکریم خان   مومند ,137
102189183,M,1,استاد احمد گل واثق ,57
102197503,M,1,دلاور ایماق,21
102230575,M,1,قاضی نصیر احمد ,54
102241059,M,1,انجنیر محمد ولی وزیری,12
102252873,F,1,بی بی حمیده,37
102410804,M,1,عبدالحبیب انډیوال ,14
102467925,M,1,محمد جان پامیر,55
102468526,M,1,الحاج پوهنیار استاد محمد صدیق     صباح,26
102508749,M,1,اسیرالدین  هوتک,20
102647737,M,1, قدرت الله ذکی ,72
102729466,M,1,جنرال ایماق,47
102734879,M,1,بشیراحمد خان کندزوال,67
102740227,M,1,دوکتور فضل الرحمن فایض,40
102766223,M,1,محمد نور نوری,63
102877725,M,1,احسان الحق,1
102888044,F,1,داکټر ګلنار مصلح رشیدی,11
102899176,M,1,حاجی امیر خان  یار ,109
102922678,M,1,عبدالکریم,49
102923191,M,1,دوکتور شمس علی شمس,87
102940256,M,1,حاجی عبدالحق حقانی,52
102998440,F,1, راحله نظام مشهور به لیلی,31
106946608,M,1,الحاج ملا سید محمد اخند,23
133193650,M,1,محمد طاهر ظاهر ,2
133716151,M,1,متقاعد ډګروال نور الرحمن غرنی,24
579470200,M,,محب الله   ذاهد ,13
