prov_name,iec_id,dist_name,polling_centers,male_stations,female_stations,tefa,anpo,aynso,all_observers,hasfefa,teams,agcho_dist_id
Kabul,101,KABUL,382,1017,816,40,0,0,40,1,"TEFA, FEFA",101
Kabul,105,DEHSABZ,15,37,29,22,0,0,22,1,"TEFA, FEFA",102
Kabul,106,SHAKAR DARA,14,41,29,15,0,0,15,1,"TEFA, FEFA",103
Kabul,102,PAGHMAN,21,40,26,22,0,0,22,1,"TEFA, FEFA",104
Kabul,103,CHAHAR ASYAB,14,26,17,18,0,0,18,1,"TEFA, FEFA",105
Kabul,107,MUSAHI,8,12,11,10,0,0,10,1,"TEFA, FEFA",106
Kabul,104,BAGRAMI,16,32,22,22,0,0,22,1,"TEFA, FEFA",107
Kabul,114,QARA BAGH,18,39,30,23,0,0,23,1,"TEFA, FEFA",108
Kabul,110,KALAKAN,8,15,11,12,0,0,12,1,"TEFA, FEFA",109
Kabul,108,MIR BACHA KOT,12,23,18,19,0,0,19,1,"TEFA, FEFA",110
Kabul,111,GULDARA,6,14,10,12,0,0,12,1,"TEFA, FEFA",111
Kabul,109,KHAK-E-JABAR,9,12,10,10,0,0,10,1,"TEFA, FEFA",112
Kabul,115,SURUBI,19,36,26,27,0,0,27,1,"TEFA, FEFA",113
Kabul,113,ESTALEF,7,12,11,10,0,0,10,1,"TEFA, FEFA",114
Kabul,112,FARZA,8,13,10,10,0,0,10,1,"TEFA, FEFA",115
Kapisa,201,MAHMUDI RAQI,18,45,31,23,0,0,23,1,"TEFA, FEFA",201
Kapisa,205,NIJRAB,26,33,29,20,0,0,20,1,"TEFA, FEFA",202
Kapisa,203,KOH BAND,9,16,9,10,0,0,10,1,"TEFA, FEFA",203
Kapisa,202,HISSA-E-DUWUM KOHISTAN,7,18,8,12,0,0,12,1,"TEFA, FEFA",204
Kapisa,206,TAGAB,10,20,7,10,0,0,10,1,"TEFA, FEFA",205
Kapisa,207,ALASAY,1,2,1,3,0,0,3,0,TEFA,206
Kapisa,204,HISSA-E-AWALI KOHISTAN,13,34,21,18,0,0,18,1,"TEFA, FEFA",207
Parwan,301,CHARIKAR,36,77,38,22,0,0,22,1,"TEFA, FEFA",301
Parwan,305,JABULUSSARAJ,15,40,19,20,0,0,20,1,"TEFA, FEFA",302
Parwan,303,SHINWARI,6,8,6,5,0,0,5,1,"TEFA, FEFA",303
Parwan,302,BAGRAM,24,54,38,18,0,0,18,1,"TEFA, FEFA",304
Parwan,304,SAYID KHIAL,13,20,14,16,0,0,16,1,"TEFA, FEFA",305
Parwan,306,SALANG,9,12,9,20,0,0,20,1,"TEFA, FEFA",306
Parwan,307,SYAHGIRDI GHORBAND,6,11,6,8,0,0,8,1,"TEFA, FEFA",307
Parwan,308,KOHI SAFI,8,10,8,9,0,0,9,1,"TEFA, FEFA",308
Parwan,310,SHAYKH ALI,10,10,10,10,0,0,10,1,"TEFA, FEFA",309
Parwan,309,SURKHI PARSA,11,11,11,10,0,0,10,1,"TEFA, FEFA",310
Wardak,401,MAYDAN SHAH,13,25,18,19,0,0,19,1,"TEFA, FEFA",401
Wardak,403,JALREZ,11,22,11,15,0,0,15,1,"TEFA, FEFA",402
Wardak,402,NERKH,18,25,18,19,0,0,19,1,"TEFA, FEFA",403
Wardak,407,HISSA-E-AWALI BIHSUD,9,14,10,12,0,0,12,1,"TEFA, FEFA",404
Wardak,406,DAYMIRDAD,8,10,8,8,0,0,8,1,"TEFA, FEFA",405
Wardak,404,CHAKI WARDAK,25,29,25,20,0,0,20,0,TEFA,406
Wardak,405,SAYYD ABAD,35,44,36,20,0,0,20,1,"TEFA, FEFA",407
Wardak,409,MARKAZ-E-BEHSUD,30,38,30,23,0,0,23,1,"TEFA, FEFA",408
Wardak,408,JAGHATU,11,14,12,12,0,0,12,0,TEFA,409
Logar,501,PULI ALAM,21,54,38,23,20,0,43,1,"TEFA, ANPO, FEFA",501
Logar,504,KHUSHI,4,10,7,8,8,0,16,1,"TEFA, ANPO, FEFA",502
Logar,505,MOHAMMAD AGHA,19,42,26,16,20,0,36,1,"TEFA, ANPO, FEFA",503
Logar,502,BARAKI BARAK,19,36,20,18,12,0,30,1,"TEFA, ANPO, FEFA",504
Logar,503,CHARKH,5,15,11,12,8,0,20,1,"TEFA, ANPO, FEFA",505
Logar,506,KHAR WAR,6,16,11,13,0,0,13,0,TEFA,506
Logar,507,AZRA,9,29,22,18,0,0,18,1,"TEFA, FEFA",507
Nangarhar,601,JALALABAD,44,124,106,25,32,0,57,1,"TEFA, ANPO, FEFA",601
Nangarhar,602,BEHSUD,25,78,41,20,16,0,36,1,"TEFA, ANPO, FEFA",602
Nangarhar,603,SURKH RUD,28,49,42,16,12,0,28,1,"TEFA, ANPO, FEFA",603
Nangarhar,608,KHUGYANI,27,46,28,16,0,0,16,1,"TEFA, FEFA",604
Nangarhar,604,CHAPARHAR,25,30,26,16,0,0,16,0,TEFA,605
Nangarhar,607,RODAT,20,30,22,10,16,0,26,1,"TEFA, ANPO, FEFA",606
Nangarhar,605,KAMA,41,55,45,20,12,0,32,1,"TEFA, ANPO, FEFA",607
Nangarhar,606,KUZ KUNAR,29,41,28,16,0,0,16,1,"TEFA, FEFA",608
Nangarhar,612,DARAH-E-NOOR,23,33,25,16,0,0,16,1,"TEFA, FEFA",609
Nangarhar,621,HESARAK,25,30,25,16,0,0,16,1,"TEFA, FEFA",610
Nangarhar,619,SHER ZAD,13,20,15,12,0,0,12,1,"TEFA, FEFA",611
Nangarhar,611,PACHIR WAGAM,16,22,17,0,0,0,0,1,FEFA,612
Nangarhar,610,DEH BALA,18,25,20,12,0,0,12,1,"TEFA, FEFA",613
Nangarhar,613,KOT,17,25,19,15,0,0,15,1,"TEFA, FEFA",614
Nangarhar,609,BATI KOT,22,35,24,10,0,0,10,1,"TEFA, FEFA",615
Nangarhar,614,GOSHTA,19,25,19,0,0,0,0,1,FEFA,616
Nangarhar,615,ACHIN,40,49,44,10,0,0,10,1,"TEFA, FEFA",617
Nangarhar,616,SHINWAR,18,33,25,16,0,0,16,1,"TEFA, FEFA",618
Nangarhar,617,MUHMAND DARA,19,33,28,10,6,0,16,1,"TEFA, ANPO, FEFA",619
Nangarhar,618,LALPOOR,4,14,8,16,0,0,16,1,"TEFA, FEFA",620
Nangarhar,620,NAZYAN,15,23,18,10,0,0,10,1,"TEFA, FEFA",621
Nangarhar,622,DUR BABA,10,19,10,0,0,0,0,1,FEFA,622
Laghman,701,MEHTARLAM,29,68,38,20,24,0,44,1,"TEFA, ANPO, FEFA",701
Laghman,703,ALISHING,17,31,18,17,8,0,25,1,"TEFA, ANPO, FEFA",702
Laghman,702,QARGHAYEE,23,57,31,17,12,0,29,1,"TEFA, ANPO, FEFA",703
Laghman,704,ALINGAR,23,38,27,17,16,0,33,1,"TEFA, ANPO, FEFA",704
Laghman,705,DAWLAT SHAH,17,22,20,17,8,0,25,0,"TEFA, ANPO",705
Panjshir,801,BAZARAK,10,15,10,12,0,0,12,1,"TEFA, FEFA",801
Panjshir,806,SHUTUL,11,16,11,13,0,0,13,1,"TEFA, FEFA",802
Panjshir,802,RUKHA,10,17,11,13,0,0,13,1,"TEFA, FEFA",803
Panjshir,803,DARAH,14,24,16,14,0,0,14,1,"TEFA, FEFA",804
Panjshir,804,HISSA-E-AWAL KHENJ,14,28,16,20,0,0,20,1,"TEFA, FEFA",805
Panjshir,805,UNABA,14,20,12,15,0,0,15,1,"TEFA, FEFA",806
Panjshir,807,PARYAN,24,28,22,20,0,0,20,1,"TEFA, FEFA",807
Baghlan,901,PUL-E-KHUMRI,47,78,54,20,0,0,20,1,"TEFA, FEFA",901
Baghlan,905,BAGLAN-E-JADED,46,70,50,20,0,0,20,1,"TEFA, FEFA",902
Baghlan,902,DAHANA-E-GHURI,23,26,24,20,0,0,20,1,"TEFA, FEFA",903
Baghlan,903,DUSHI,24,44,29,10,0,0,10,1,"TEFA, FEFA",904
Baghlan,904,NAHREEN,26,29,27,10,0,0,10,1,"TEFA, FEFA",905
Baghlan,911,TALA WA BARFAK,12,15,12,0,0,0,0,1,FEFA,906
Baghlan,906,KHINJAN,9,15,10,8,0,0,8,1,"TEFA, FEFA",907
Baghlan,907,ANDARAB,9,17,10,10,0,0,10,1,"TEFA, FEFA",908
Baghlan,909,JALGA,14,18,16,0,0,0,0,1,FEFA,909
Baghlan,910,BURKA,18,20,18,10,0,0,10,0,TEFA,910
Baghlan,912,PUL-E-HISAR,9,9,9,10,0,0,10,1,"TEFA, FEFA",911
Baghlan,908,DEH SALAH,11,14,11,10,0,0,10,1,"TEFA, FEFA",912
Baghlan,913,KHOST WA FIRING,21,25,21,10,0,0,10,1,"TEFA, FEFA",913
Baghlan,914,GOZARGAH-E-NUR,4,7,6,10,0,0,10,1,"TEFA, FEFA",914
Baghlan,915,FIRING WA GHARU,8,9,8,8,0,0,8,1,"TEFA, FEFA",915
Bamyan,1001,BAMYAN,23,33,26,22,0,0,22,1,"TEFA, FEFA",1001
Bamyan,1003,SAIGHAN,20,26,21,22,0,0,22,1,"TEFA, FEFA",1002
Bamyan,1005,YAKAWLANG,36,48,38,22,0,0,22,1,"TEFA, FEFA",1003
Bamyan,1006,PANJAB,28,40,29,22,0,0,22,1,"TEFA, FEFA",1004
Bamyan,1002,SHEBAR,14,20,14,22,0,0,22,1,"TEFA, FEFA",1005
Bamyan,1004,KAHMARD,19,24,18,22,0,0,22,0,TEFA,1006
Bamyan,1007,WARAS,48,68,48,22,0,0,22,1,"TEFA, FEFA",1007
Ghazni,1101,GHAZNI,57,131,97,20,40,0,60,1,"TEFA, ANPO, FEFA",1101
Ghazni,1103,KHWAJA OMARI,6,9,7,7,8,0,15,1,"TEFA, ANPO, FEFA",1102
Ghazni,1102,WALI MOHAMMAD SHAHED,5,10,6,7,0,0,7,1,"TEFA, FEFA",1103
Ghazni,1104,WAGHAZ,8,16,11,10,0,0,10,1,"TEFA, FEFA",1104
Ghazni,1107,ANDAR,39,61,50,20,0,0,20,1,"TEFA, FEFA",1105
Ghazni,1105,DEH YAK,12,25,12,17,8,0,25,1,"TEFA, ANPO, FEFA",1106
Ghazni,1108,ZANAKHAN,9,11,9,10,0,0,10,1,"TEFA, FEFA",1107
Ghazni,1109,RASHIDAN,8,12,8,10,0,0,10,1,"TEFA, FEFA",1108
Ghazni,1106,JAGHATU,21,37,27,20,0,0,20,1,"TEFA, FEFA",1109
Ghazni,1111,QARA BAGH,59,87,68,20,8,0,28,1,"TEFA, ANPO, FEFA",1110
Ghazni,1112,GIRO,19,28,23,20,0,0,20,1,"TEFA, FEFA",1111
Ghazni,1110,NAWUR,33,56,33,20,0,0,20,1,"TEFA, FEFA",1112
Ghazni,1114,JAGHURI,35,78,53,20,8,0,28,1,"TEFA, ANPO, FEFA",1113
Ghazni,1115,MUQUR,16,31,17,20,0,0,20,1,"TEFA, FEFA",1114
Ghazni,1113,AB BAND,12,14,12,12,0,0,12,1,"TEFA, FEFA",1115
Ghazni,1118,AJRISTAN,8,24,17,0,0,0,0,1,FEFA,1116
Ghazni,1116,MALISTAN,26,51,29,0,0,0,0,1,FEFA,1117
Ghazni,1117,GELAN,12,25,12,0,0,0,0,1,FEFA,1118
Ghazni,1119,Nawa,0,0,0,0,0,0,0,1,FEFA,1119
Paktya,1301,GARDEZ,22,49,32,23,20,0,43,1,"TEFA, ANPO, FEFA",1201
Paktya,1306,SAYYID KARAM,20,29,22,15,12,0,27,1,"TEFA, ANPO, FEFA",1202
Paktya,1302,AHMADABAD,12,27,19,18,12,0,30,1,"TEFA, ANPO, FEFA",1203
Paktya,1303,ZURMAT,34,40,34,20,0,0,20,0,TEFA,1204
Paktya,1304,SHWAK,2,5,3,4,0,0,4,1,"TEFA, FEFA",1205
Paktya,1305,WUZA ZADRAN,19,29,20,18,0,0,18,1,"TEFA, FEFA",1206
Paktya,1308,LAJA AHMAD KHEL,15,22,15,18,0,0,18,1,"TEFA, FEFA",1207
Paktya,1307,JAJI ARYOB,28,61,41,18,12,0,30,1,"TEFA, ANPO, FEFA",1208
Paktya,1309,JANI KHEL,11,16,12,0,0,0,0,0,,1209
Paktya,1310,SAMKANI,13,27,25,18,0,0,18,1,"TEFA, FEFA",1210
Paktya,1311,DAND PATAN,13,20,14,18,0,0,18,1,"TEFA, FEFA",1211
Kunar,1501,ASAD ABAD,10,40,20,17,20,0,37,1,"TEFA, ANPO, FEFA",1301
Kunar,1503,WATAPOOR,4,9,5,6,0,0,6,1,"TEFA, FEFA",1302
Kunar,1504,NARANG,7,14,8,0,4,0,4,1,"ANPO, FEFA",1303
Kunar,1505,SAR KANI,4,12,7,0,0,0,0,1,FEFA,1304
Kunar,1502,MARA WARA,5,14,6,10,4,0,14,1,"TEFA, ANPO, FEFA",1305
Kunar,1506,SHIGAL WA SHILTAN,6,17,12,0,8,0,8,1,"ANPO, FEFA",1306
Kunar,1507,DARA-E-PECH,13,22,18,0,0,0,0,1,FEFA,1307
Kunar,1509,SAWKAI,7,18,10,0,0,0,0,1,FEFA,1308
Kunar,1510,KHAS KUNAR,10,22,13,14,0,0,14,1,"TEFA, FEFA",1309
Kunar,1512,DANGAM,4,9,7,0,0,0,0,0,,1310
Kunar,1508,BAR KUNAR,7,14,8,0,0,0,0,0,,1311
Kunar,1511,GHAZI ABAD,3,8,6,0,0,0,0,0,,1312
Kunar,1513,CHAPA DARA,4,11,5,8,0,0,8,0,TEFA,1313
Kunar,1514,NOOR GAL,6,15,10,0,0,0,0,1,FEFA,1314
Kunar,1515,NARI,6,17,8,0,0,0,0,1,FEFA,1315
Nooristan,1601,PAROON,8,16,9,14,20,0,34,1,"TEFA, ANPO, FEFA",1401
Nooristan,1607,MANDOL,6,6,6,6,0,0,6,0,TEFA,1402
Nooristan,1605,DUAB,6,7,6,0,4,0,4,1,"ANPO, FEFA",1403
Nooristan,1604,NOOR GRAM,9,13,9,11,4,0,15,1,"TEFA, ANPO, FEFA",1404
Nooristan,1603,WAMA,7,16,13,14,4,0,18,1,"TEFA, ANPO, FEFA",1405
Nooristan,1602,WAYGAL,4,10,9,9,4,0,13,0,"TEFA, ANPO",1406
Nooristan,1606,KAMDESH,3,6,4,5,0,0,5,0,TEFA,1407
Nooristan,1608,BARG-E-MATAL,7,16,10,13,0,0,13,0,TEFA,1408
Badakhshan,1701,FAIZ ABAD,25,45,28,20,0,0,20,1,"TEFA, FEFA",1501
Badakhshan,1704,YAFTAL-E-SUFLA,17,33,21,0,0,0,0,1,FEFA,1502
Badakhshan,1702,ARGO,27,57,36,18,0,0,18,1,"TEFA, FEFA",1503
Badakhshan,1703,ARGHANJ KHWA,3,5,3,3,0,0,3,1,"TEFA, FEFA",1504
Badakhshan,1708,KOHISTAN,8,10,8,0,0,0,0,1,FEFA,1505
Badakhshan,1714,RAGISTAN,7,15,12,0,0,0,0,1,FEFA,1506
Badakhshan,1709,YAWAN,13,19,13,0,0,0,0,1,FEFA,1507
Badakhshan,1713,SHAHR-E-BUZURG,16,23,17,0,0,0,0,1,FEFA,1508
Badakhshan,1711,TASHKAN,12,14,12,12,0,0,12,1,"TEFA, FEFA",1509
Badakhshan,1707,DARAYIM,13,27,15,18,0,0,18,1,"TEFA, FEFA",1510
Badakhshan,1705,KHASH,6,12,11,10,0,0,10,1,"TEFA, FEFA",1511
Badakhshan,1706,BAHARAK,11,13,11,11,0,0,11,1,"TEFA, FEFA",1512
Badakhshan,1712,SHUHADA,8,11,8,0,0,0,0,1,FEFA,1513
Badakhshan,1719,SHIGHNAN,9,18,10,0,0,0,0,1,FEFA,1514
Badakhshan,1727,DARWAZ-E-BAL,8,16,8,0,0,0,0,1,FEFA,1515
Badakhshan,1721,KUFAB,7,13,9,0,0,0,0,1,FEFA,1516
Badakhshan,1720,KHWAHAN,8,12,9,0,0,0,0,1,FEFA,1517
Badakhshan,1715,KISHM,19,35,25,18,0,0,18,0,TEFA,1518
Badakhshan,1717,TAGAB,6,6,6,0,0,0,0,0,,1519
Badakhshan,1718,YAMGAN,10,19,12,0,0,0,0,1,FEFA,1520
Badakhshan,1710,JURM,9,14,11,0,0,0,0,0,,1521
Badakhshan,1716,WARDOOJ,9,15,11,0,0,0,0,0,,1522
Badakhshan,1723,ESHKASHIM,8,11,8,0,0,0,0,1,FEFA,1523
Badakhshan,1722,DARWAZ-E-PAY,7,9,8,0,0,0,0,1,FEFA,1524
Badakhshan,1724,SHIKI,7,9,8,0,0,0,0,1,FEFA,1525
Badakhshan,1726,KIRAN WA MENJAN,5,7,6,0,0,0,0,1,FEFA,1526
Badakhshan,1725,ZEBAK,4,4,4,0,0,0,0,1,FEFA,1527
Badakhshan,1728,WAKHAN,10,11,10,0,0,0,0,1,FEFA,1528
Takhar,1801,TALUQAN,38,94,57,16,0,0,16,1,"TEFA, FEFA",1601
Takhar,1802,HAZAR SUMUCH,6,8,6,5,0,0,5,1,"TEFA, FEFA",1602
Takhar,1803,BAHARAK,9,21,17,16,0,0,16,1,"TEFA, FEFA",1603
Takhar,1804,BANGI,5,16,11,0,0,0,0,1,FEFA,1604
Takhar,1805,CHAL,6,12,10,0,0,0,0,1,FEFA,1605
Takhar,1806,NAMAK AB,5,10,7,0,0,0,0,1,FEFA,1606
Takhar,1808,FARKHAR,11,23,14,16,0,0,16,1,"TEFA, FEFA",1607
Takhar,1807,KALAFGAN,10,23,14,16,0,0,16,1,"TEFA, FEFA",1608
Takhar,1810,RUSTAQ,36,83,50,16,0,0,16,1,"TEFA, FEFA",1609
Takhar,1816,CHAH AB,16,32,28,0,0,0,0,1,FEFA,1610
Takhar,1817,YANGI QALA,9,18,15,0,0,0,0,1,FEFA,1611
Takhar,1814,KHWAJA BAHA WUDDIN,7,13,7,0,0,0,0,1,FEFA,1612
Takhar,1812,DASHT-E-QALA,10,20,13,15,0,0,15,1,"TEFA, FEFA",1613
Takhar,1809,KHWAJA GHAR,14,33,21,16,0,0,16,1,"TEFA, FEFA",1614
Takhar,1811,ESHKAMESH,14,28,21,0,0,0,0,1,FEFA,1615
Takhar,1813,WARSAJ,10,22,14,16,0,0,16,1,"TEFA, FEFA",1616
Takhar,1815,DARQAD,9,15,9,0,0,0,0,1,FEFA,1617
Kunduz,1901,KUNDUZ,60,139,116,20,0,0,20,1,"TEFA, FEFA",1701
Kunduz,1905,HAZRAT-E-IMAM SAHEB,46,104,59,20,0,0,20,1,"TEFA, FEFA",1702
Kunduz,1907,QALA-E-ZAL,19,33,20,20,0,0,20,1,"TEFA, FEFA",1703
Kunduz,1902,CHAR DARA,16,33,20,0,0,0,0,1,FEFA,1704
Kunduz,1903,ALI ABAD,16,21,16,16,0,0,16,1,"TEFA, FEFA",1705
Kunduz,1904,KHAN ABAD,41,53,42,20,0,0,20,1,"TEFA, FEFA",1706
Kunduz,1906,DASHT-E-ARCHI,21,38,23,15,0,0,15,1,"TEFA, FEFA",1707
Balkh,2101,MAZAR-E-SHARIF,48,138,105,20,0,0,20,1,"TEFA, FEFA",1801
Balkh,2102,NAHR-E-SHAHI,9,24,15,17,0,0,17,1,"TEFA, FEFA",1802
Balkh,2112,SHORTEPA,10,19,10,14,0,0,14,1,"TEFA, FEFA",1803
Balkh,2109,DAWLAT ABAD,29,42,31,20,0,0,20,1,"TEFA, FEFA",1804
Balkh,2106,BALKH,30,54,36,20,0,0,20,1,"TEFA, FEFA",1805
Balkh,2103,DEHDADI,14,28,21,20,0,0,20,1,"TEFA, FEFA",1806
Balkh,2104,CHAR KENT,13,19,13,16,0,0,16,1,"TEFA, FEFA",1807
Balkh,2105,MARMUL,5,9,5,6,0,0,6,1,"TEFA, FEFA",1808
Balkh,2110,KHULM,22,35,28,20,0,0,20,1,"TEFA, FEFA",1809
Balkh,2113,KALDAR,9,13,9,10,0,0,10,1,"TEFA, FEFA",1810
Balkh,2111,CHAR BOLAK,32,43,33,20,0,0,20,1,"TEFA, FEFA",1812
Balkh,2108,CHIMTAL,27,49,34,20,0,0,20,0,TEFA,1813
Balkh,2107,SHOLGARA,37,60,39,20,0,0,20,1,"TEFA, FEFA",1814
Balkh,2114,KISHINDEH,16,25,17,20,0,0,20,1,"TEFA, FEFA",1815
Balkh,2115,ZARI,18,26,22,20,0,0,20,1,"TEFA, FEFA",1816
Samangan,2001,AYBAK,21,45,30,20,0,0,20,1,"TEFA, FEFA",1901
Samangan,2002,HAZRAT-E-SULTAN,11,16,13,13,0,0,13,1,"TEFA, FEFA",1902
Samangan,2004,FEROZ NAKHCHI,3,4,3,3,0,0,3,1,"TEFA, FEFA",1903
Samangan,2006,DARA-E-SOOF-E-PAYAN,20,40,29,15,0,0,15,1,"TEFA, FEFA",1904
Samangan,2007,DARA-E-SOOF-E-BALLA,17,30,22,15,0,0,15,1,"TEFA, FEFA",1905
Samangan,2003,KHURAM WA SABAGH,13,21,14,15,0,0,15,1,"TEFA, FEFA",1906
Samangan,2005,ROI-DO-AB,16,31,21,0,0,0,0,1,FEFA,1907
Sar-e-pul,2201,SAR-E-PUL,23,59,41,15,0,0,15,1,"TEFA, FEFA",2001
Sar-e-pul,2202,SAYAD,12,20,16,15,0,0,15,1,"TEFA, FEFA",2002
Sar-e-pul,2203,KOHISTANAT,15,26,17,15,0,0,15,1,"TEFA, FEFA",2003
Sar-e-pul,2204,SOZMA QALA,12,21,13,15,0,0,15,1,"TEFA, FEFA",2004
Sar-e-pul,2206,GOSFANDI,15,27,19,15,0,0,15,1,"TEFA, FEFA",2005
Sar-e-pul,2207,BALKHAB,14,36,23,0,0,0,0,1,FEFA,2006
Sar-e-pul,2205,SANG CHARAK,20,31,27,15,0,0,15,1,"TEFA, FEFA",2007
Ghor,2301,CHIGHCHERAN,44,111,74,18,0,26,44,1,"TEFA, AYNSO, FEFA",2101
Ghor,2304,CHAR SADA,12,18,15,15,0,0,15,1,"TEFA, FEFA",2102
Ghor,2302,DULEENA,12,17,16,15,0,0,15,1,"TEFA, FEFA",2103
Ghor,2303,DAWLATYAR,14,21,17,13,0,8,21,1,"TEFA, AYNSO, FEFA",2104
Ghor,2306,SHAHRAK,22,28,26,18,0,0,18,1,"TEFA, FEFA",2105
Ghor,2308,TAYWARA,18,30,22,18,0,0,18,1,"TEFA, FEFA",2106
Ghor,2305,PASABAND,15,21,18,18,0,0,18,1,"TEFA, FEFA",2107
Ghor,2307,LAL WA SARJANGAL,41,62,46,18,0,10,28,1,"TEFA, AYNSO, FEFA",2108
Ghor,2309,TULAK,18,34,22,16,0,2,18,1,"TEFA, AYNSO, FEFA",2109
Ghor,2310,SAGHAR,13,20,16,18,0,0,18,1,"TEFA, FEFA",2110
Daykundi,2401,NILI,14,27,19,22,0,0,22,1,"TEFA, FEFA",2201
Daykundi,2404,ISHTERLAI,22,36,23,22,0,0,22,1,"TEFA, FEFA",2202
Daykundi,2405,KHEDIR,23,30,23,22,0,0,22,1,"TEFA, FEFA",2203
Daykundi,2406,GETI,24,47,25,22,0,0,22,1,"TEFA, FEFA",2204
Daykundi,2403,GIZAB,20,23,21,22,0,0,22,1,"TEFA, FEFA",2205
Daykundi,2402,SHAHRISTAN,28,40,29,22,0,0,22,1,"TEFA, FEFA",2206
Daykundi,2408,SANG-E-TAKHT,15,30,16,22,0,0,22,1,"TEFA, FEFA",2207
Daykundi,2409,KEJRAN,19,25,19,22,0,0,22,1,"TEFA, FEFA",2208
Daykundi,2407,MIRAMOR,29,43,30,22,0,0,22,1,"TEFA, FEFA",2209
Urozgan,2501,TIRINKOT,16,40,28,16,20,0,36,1,"TEFA, ANPO, FEFA",2301
Urozgan,2503,CHORA,8,16,8,11,4,0,15,1,"TEFA, ANPO, FEFA",2302
Urozgan,2504,SHAHID-E-HASSAS,6,16,8,11,4,0,15,1,"TEFA, ANPO, FEFA",2303
Urozgan,2502,DEHRAOUD,9,38,13,15,6,0,21,1,"TEFA, ANPO, FEFA",2304
Urozgan,2505,KHAS UROZGAN,6,20,12,0,0,0,0,1,FEFA,2305
Zabul,2601,QALAT,15,45,24,16,16,0,32,1,"TEFA, ANPO, FEFA",2401
Zabul,2605,ARGHANDAB,11,21,12,15,4,0,19,1,"TEFA, ANPO, FEFA",2402
Zabul,2604,MIZAN,5,12,5,8,0,0,8,1,"TEFA, FEFA",2403
Zabul,2602,TARANK WA JALDAK,7,13,4,8,8,0,16,1,"TEFA, ANPO, FEFA",2404
Zabul,2603,SHINKAI,7,14,8,10,4,0,14,1,"TEFA, ANPO, FEFA",2405
Zabul,2606,SHAH JOI,11,34,10,15,4,0,19,1,"TEFA, ANPO, FEFA",2406
Zabul,2611,Kakar,0,0,0,0,0,0,0,1,FEFA,2407
Zabul,2607,DAICHOPAN,3,5,1,0,0,0,0,0,,2408
Zabul,2608,ATGHAR,5,9,5,0,0,0,0,0,,2409
Zabul,2610,SHEMEL ZAYI,10,21,10,15,0,0,15,0,TEFA,2410
Zabul,2609,NAW BAHAR,5,8,5,6,0,0,6,0,TEFA,2411
Paktika,1201,SHARAN,27,36,29,20,20,0,40,1,"TEFA, ANPO, FEFA",2501
Paktika,1202,MATA KHAN,10,18,13,15,4,0,19,1,"TEFA, ANPO, FEFA",2502
Paktika,1203,YOSUF KHEL,7,14,12,13,0,0,13,1,"TEFA, FEFA",2503
Paktika,1205,SAR RAWZA,14,18,15,15,0,0,15,1,"TEFA, FEFA",2504
Paktika,1207,ZARGHUN SHAHR,24,35,28,17,4,0,21,1,"TEFA, ANPO, FEFA",2505
Paktika,1204,YAHYA KHEL,10,16,13,17,0,0,17,1,"TEFA, FEFA",2506
Paktika,1206,OMNA,6,10,5,7,4,0,11,0,"TEFA, ANPO",2507
Paktika,1208,GOMAL,24,36,29,17,0,0,17,1,"TEFA, FEFA",2508
Paktika,1210,SURUBI,16,23,16,17,0,0,17,1,"TEFA, FEFA",2509
Paktika,1211,URGOON,28,35,30,17,0,0,17,1,"TEFA, FEFA",2510
Paktika,1213,NIKA,8,13,11,12,0,0,12,0,TEFA,2511
Paktika,1209,JANI KHEL,15,21,18,17,0,0,17,1,"TEFA, FEFA",2512
Paktika,1217,WAZAKHWAH,11,21,18,0,0,0,0,1,FEFA,2513
Paktika,1218,WOR MAMY,12,21,17,0,0,0,0,0,,2514
Paktika,1214,BARMAL,21,43,25,17,0,0,17,0,TEFA,2515
Paktika,1215,GIYAN,12,20,15,17,0,0,17,0,TEFA,2516
Paktika,1212,ZIRUK,10,13,10,10,4,0,14,1,"TEFA, ANPO, FEFA",2517
Paktika,1216,DILA WA KHUSH,8,18,11,0,0,0,0,1,FEFA,2518
Paktika,1219,TURWO,3,7,5,0,0,0,0,0,,2519
Khost,1401,KHOST,50,98,67,20,32,0,52,1,"TEFA, ANPO, FEFA",2601
Khost,1407,SABARI,5,19,10,0,0,0,0,1,FEFA,2602
Khost,1405,MUSA KHEL,12,24,14,17,0,0,17,1,"TEFA, FEFA",2603
Khost,1406,NADIRSHAH KOT,14,17,14,15,0,0,15,1,"TEFA, FEFA",2604
Khost,1402,MANDUZAY,21,28,21,20,8,0,28,1,"TEFA, ANPO, FEFA",2605
Khost,1404,TANAY,17,36,20,20,12,0,32,1,"TEFA, ANPO, FEFA",2606
Khost,1403,GURBUZ,10,20,10,15,6,0,21,1,"TEFA, ANPO, FEFA",2607
Khost,1408,ALI SHER,14,37,23,20,0,0,20,1,"TEFA, FEFA",2608
Khost,1410,QALANDAR,8,14,8,0,0,0,0,1,FEFA,2609
Khost,1412,SHAMUL,6,8,6,7,0,0,7,1,"TEFA, FEFA",2610
Khost,1411,SPERA,12,16,13,0,0,0,0,0,,2611
Khost,1409,BAAK,7,15,9,0,0,0,0,1,FEFA,2612
Khost,1413,JAJI MAIDAN,10,25,17,20,8,0,28,1,"TEFA, ANPO, FEFA",2613
Jawzjan,2801,SHEBERGHAN,32,106,65,17,0,0,17,1,"TEFA, FEFA",2701
Jawzjan,2804,MINGAJIK,11,20,14,14,0,0,14,0,TEFA,2702
Jawzjan,2802,KHWAJA DUKOH,6,11,8,9,0,0,9,0,TEFA,2703
Jawzjan,2805,QUSH TEPA,10,20,14,14,0,0,14,0,TEFA,2704
Jawzjan,2808,FAIZABAD,12,16,12,14,0,0,14,0,TEFA,2705
Jawzjan,2803,KHANAQA,8,12,8,9,0,0,9,1,"TEFA, FEFA",2706
Jawzjan,2807,AQCHAH,16,32,22,14,0,0,14,0,TEFA,2707
Jawzjan,2809,MARDYAN,9,14,12,12,0,0,12,1,"TEFA, FEFA",2708
Jawzjan,2810,QARQIN,4,12,6,12,0,0,12,1,"TEFA, FEFA",2709
Jawzjan,2806,KHAMYAB,4,7,5,0,0,0,0,1,FEFA,2710
Jawzjan,2811,DARZAB,15,22,15,0,0,0,0,0,,2711
Faryab,2901,MAIMANA,18,42,34,20,0,0,20,1,"TEFA, FEFA",2801
Faryab,2903,KHWAJA SABZ POSH,11,21,15,15,0,0,15,0,TEFA,2802
Faryab,2902,PASHTUN KOT,40,47,41,15,0,0,15,1,"TEFA, FEFA",2803
Faryab,2906,SHIRIN TAGAB,15,31,25,15,0,0,15,1,"TEFA, FEFA",2804
Faryab,2904,ALMAR,17,26,20,0,0,0,0,0,,2805
Faryab,2907,QAISAR,34,51,42,15,0,0,15,0,TEFA,2806
Faryab,2910,KOHISTAN,14,21,18,15,0,0,15,0,TEFA,2807
Faryab,2908,GURZIWAN,16,31,28,15,0,0,15,0,TEFA,2808
Faryab,2905,BIL CHIRAGH,9,18,13,15,0,0,15,1,"TEFA, FEFA",2809
Faryab,2909,DAWLAT ABAD,12,30,17,15,0,0,15,1,"TEFA, FEFA",2810
Faryab,2913,ANDKHOY,9,26,21,15,0,0,15,1,"TEFA, FEFA",2811
Faryab,2911,QARAM QUL,6,11,9,10,0,0,10,0,TEFA,2812
Faryab,2914,KHANI CHARBAGH,6,14,7,10,0,0,10,0,TEFA,2813
Faryab,2912,QURGHAN,9,16,14,15,0,0,15,0,TEFA,2814
Badghis,3101,QALA-E-NOW,19,47,37,17,0,28,45,1,"TEFA, AYNSO, FEFA",2901
Badghis,3103,MUQUR,8,12,8,9,0,4,13,1,"TEFA, AYNSO, FEFA",2902
Badghis,3102,AB KAMARI,21,35,21,17,0,8,25,1,"TEFA, AYNSO, FEFA",2903
Badghis,3104,QADIS,34,46,34,17,0,6,23,1,"TEFA, AYNSO, FEFA",2904
Badghis,3106,JAWAND,37,46,38,17,0,0,17,0,TEFA,2905
Badghis,3105,BALA MURGHAB,10,15,11,12,0,0,12,1,"TEFA, FEFA",2906
Badghis,3107,GHORMACH,23,30,22,17,0,0,17,0,TEFA,2907
Herat,3201,HERAT,46,155,147,20,0,48,68,1,"TEFA, AYNSO, FEFA",3001
Herat,3202,ENJIL,53,88,64,20,0,18,38,1,"TEFA, AYNSO, FEFA",3002
Herat,3207,KUSHK (RUBAT-E,33,54,38,20,0,6,26,1,"TEFA, AYNSO, FEFA",3003
Herat,3205,ZENDAJAN,18,29,22,15,0,8,23,1,"TEFA, AYNSO, FEFA",3004
Herat,3203,GUZARA,38,60,42,20,0,18,38,1,"TEFA, AYNSO, FEFA",3005
Herat,3206,PASHTUN ZARGHUN,30,44,34,20,0,6,26,1,"TEFA, AYNSO, FEFA",3006
Herat,3204,KARRUKH,18,32,22,15,0,8,23,1,"TEFA, AYNSO, FEFA",3007
Herat,3208,GULRAN,29,51,34,20,0,6,26,1,"TEFA, AYNSO, FEFA",3008
Herat,3211,GHORYAN,22,40,29,0,0,8,8,1,"AYNSO, FEFA",3009
Herat,3209,ADRASKAN,31,37,36,20,0,0,20,0,TEFA,3010
Herat,3215,FERSI,13,22,15,15,0,0,15,1,"TEFA, FEFA",3011
Herat,3212,OBE,24,34,27,20,0,0,20,1,"TEFA, FEFA",3012
Herat,3210,KUSHK-E-KUHNA,19,34,20,17,0,0,17,1,"TEFA, FEFA",3013
Herat,3213,KOHSAN,18,31,29,16,0,6,22,1,"TEFA, AYNSO, FEFA",3014
Herat,3214,SHINDAND,53,76,61,0,0,0,0,1,FEFA,3015
Herat,3216,CHISHT-E-SHARIF,18,22,19,15,0,0,15,1,"TEFA, FEFA",3016
Farah,3301,FARAH,39,94,58,20,0,36,56,1,"TEFA, AYNSO, FEFA",3101
Farah,3308,BAKWA,3,5,3,0,0,0,0,0,,3102
Farah,3306,BALA BULUK,16,19,16,17,0,0,17,0,TEFA,3103
Farah,3303,KHAK-E-SAFED,9,10,9,9,0,2,11,0,"TEFA, AYNSO",3104
Farah,3302,PUSHTRUD,15,19,15,17,0,4,21,1,"TEFA, AYNSO, FEFA",3105
Farah,3304,QALA-E-KAH,15,20,15,17,0,10,27,1,"TEFA, AYNSO, FEFA",3106
Farah,3305,SHIB KOH,13,18,13,0,0,10,10,1,"AYNSO, FEFA",3107
Farah,3309,LASH-E-JUWAYN,14,18,15,16,0,10,26,1,"TEFA, AYNSO, FEFA",3108
Farah,3310,GULISTAN,5,5,5,0,0,0,0,0,,3109
Farah,3311,PUR CHAMAN,35,42,35,17,0,0,17,1,"TEFA, FEFA",3110
Farah,3307,ANAR DARA,10,12,10,10,0,4,14,1,"TEFA, AYNSO, FEFA",3111
Helmand,3001,LASHKARGAH,30,80,70,20,39,0,59,1,"TEFA, ANPO, FEFA",3201
Helmand,3004,NAHR-E-SARAJ,18,51,29,15,17,0,32,1,"TEFA, ANPO, FEFA",3202
Helmand,3002,NAD ALI,15,48,20,16,7,0,23,1,"TEFA, ANPO, FEFA",3203
Helmand,3003,NAWA-E-BARAKZAYI,20,59,18,15,7,0,22,1,"TEFA, ANPO, FEFA",3204
Helmand,3008,SANGIN QALA,9,36,9,15,0,0,15,0,TEFA,3205
Helmand,3009,MUSA QALA,7,25,13,15,0,0,15,1,"TEFA, FEFA",3206
Helmand,3007,NAWZAD,3,16,4,10,0,0,10,1,"TEFA, FEFA",3207
Helmand,3005,WASHER,1,3,2,0,0,0,0,1,FEFA,3208
Helmand,3006,GARM SER,18,49,13,16,0,0,16,1,"TEFA, FEFA",3209
Helmand,3010,KAJAKI,4,13,4,0,0,0,0,0,,3210
Helmand,30XX,Baghran,0,0,0,0,0,0,0,1,FEFA,3211
Helmand,3011,REG-E-KHAN NISHIN,8,18,6,12,0,0,12,1,"TEFA, FEFA",3212
Helmand,30XX,Dishu,0,0,0,0,0,0,0,1,FEFA,3213
Kandahar,2701,KANDAHAR,33,135,96,20,40,0,60,1,"TEFA, ANPO, FEFA",3301
Kandahar,2702,ARGHANDAB,17,33,22,16,4,0,20,1,"TEFA, ANPO, FEFA",3302
Kandahar,2705,ZHIRE,20,36,27,16,0,0,16,1,"TEFA, FEFA",3303
Kandahar,2704,PANJWAYEE,23,46,24,16,0,0,16,1,"TEFA, FEFA",3304
Kandahar,2703,DAMAN,20,32,24,16,8,0,24,1,"TEFA, ANPO, FEFA",3305
Kandahar,2706,SHAH WALI KOT,10,19,8,10,0,0,10,1,"TEFA, FEFA",3306
Kandahar,2707,KHAKREZ,33,14,9,13,0,0,13,1,"TEFA, FEFA",3307
Kandahar,2710,MAIWAND,23,26,10,16,0,0,16,1,"TEFA, FEFA",3308
Kandahar,2716,REG,23,11,7,0,0,0,0,1,FEFA,3309
Kandahar,2714,SHORABAK,17,16,10,0,0,0,0,1,FEFA,3310
Kandahar,2711,SPIN BOLDAK,20,104,35,16,0,0,16,1,"TEFA, FEFA",3311
Kandahar,2708,ARGHISTAN,17,19,14,16,0,0,16,1,"TEFA, FEFA",3312
Kandahar,2713,MIYANISHIN,33,6,2,16,0,0,16,0,TEFA,3313
Kandahar,2712,NISH,10,10,4,0,0,0,0,1,FEFA,3314
Kandahar,2709,GHORAK,20,8,2,5,0,0,5,0,TEFA,3315
Kandahar,2715,MARUF,20,20,14,16,0,0,16,1,"TEFA, FEFA",3316
Nimroz,3401,ZARANJ,10,27,17,16,0,28,44,1,"TEFA, AYNSO, FEFA",3401
Nimroz,3402,KANG,10,13,11,10,0,8,18,1,"TEFA, AYNSO, FEFA",3402
Nimroz,3404,CHAR BURJAK,11,18,13,12,0,0,12,1,"TEFA, FEFA",3403
Nimroz,3403,ASL-E-CHAKHANSUR,12,14,12,0,0,8,8,1,"AYNSO, FEFA",3404
Nimroz,3405,KHASHROD,8,10,9,0,0,6,6,0,AYNSO,3405
Laghman,706,BADPAKH,1,1,1,0,0,0,0,1,FEFA,
Panjshir,808,ABSHAR,11,13,9,10,0,0,10,1,"TEFA, FEFA",
Paktya,1312,LAJA MANGAL,14,20,14,16,0,0,16,1,"TEFA, FEFA",
Paktya,1313,MEERZAKA,9,13,9,10,12,0,22,1,"TEFA, ANPO, FEFA",
Urozgan,2506,CHENARTO,4,12,5,0,2,0,2,1,"ANPO, FEFA",
Kandahar,2717,DAND,20,36,27,16,8,0,24,1,"TEFA, ANPO, FEFA",
Kandahar,2718,TAKHTA PUL,11,39,36,0,0,0,0,1,FEFA,
Helmand,3014,MARJA,14,33,14,0,7,0,7,1,"ANPO, FEFA",
Nimroz,3406,DELARAM,11,14,11,0,0,0,0,1,FEFA,
